 1: 1[2 3 4 5 6] 2[1 6 7 8 3] 3[1 2 8 9 4] 4[1 3 9 10 11 5] 5[1 4 11 12 6] 6[1 5 12 7 2] 7[2 6 12 13 8] 8[2 7 13 9 3] 9[3 8 13 10 4] 10[4 9 13 12 11] 11[4 10 12 5] 12[5 11 10 13 7 6] 13[7 12 10 9 8]
 2: 1[2 3 4 5 6] 2[1 6 7 8 3] 3[1 2 8 9 10 4] 4[1 3 10 11 12 5] 5[1 4 12 6] 6[1 5 12 7 2] 7[2 6 12 13 8] 8[2 7 13 9 3] 9[3 8 13 11 10] 10[3 9 11 4] 11[4 10 9 13 12] 12[4 11 13 7 6 5] 13[7 12 11 9 8]
 3: 1[2 3 4 5 6] 2[1 6 7 8 3] 3[1 2 8 9 4] 4[1 3 9 10 5] 5[1 4 10 11 6] 6[1 5 11 7 2] 7[2 6 11 8] 8[2 7 11 12 13 9 3] 9[3 8 13 10 4] 10[4 9 13 12 11 5] 11[5 10 12 8 7 6] 12[8 11 10 13] 13[8 12 10 9]
 4: 1[2 3 4 5 6] 2[1 6 7 3] 3[1 2 7 8 9 4] 4[1 3 9 10 5] 5[1 4 10 11 6] 6[1 5 11 8 7 2] 7[2 6 8 3] 8[3 7 6 11 12 13 9] 9[3 8 13 10 4] 10[4 9 13 12 11 5] 11[5 10 12 8 6] 12[8 11 10 13] 13[8 12 10 9]
 5: 1[2 3 4 5 6 7] 2[1 7 8 3] 3[1 2 8 4] 4[1 3 8 9 5] 5[1 4 9 10 6] 6[1 5 10 11 7] 7[1 6 11 8 2] 8[2 7 11 12 13 9 4 3] 9[4 8 13 10 5] 10[5 9 13 12 11 6] 11[6 10 12 8 7] 12[8 11 10 13] 13[8 12 10 9]
 6: 1[2 3 4 5] 2[1 5 6 7 8 9 3] 3[1 2 9 4] 4[1 3 9 10 11 5] 5[1 4 11 12 6 2] 6[2 5 12 13 7] 7[2 6 13 8] 8[2 7 13 9] 9[2 8 13 10 4 3] 10[4 9 13 12 11] 11[4 10 12 5] 12[5 11 10 13 6] 13[6 12 10 9 8 7]
 7: 1[2 3 4 5] 2[1 5 6 7 8 9 3] 3[1 2 9 4] 4[1 3 9 10 11 12 5] 5[1 4 12 6 2] 6[2 5 12 13 7] 7[2 6 13 8] 8[2 7 13 9] 9[2 8 13 10 4 3] 10[4 9 13 11] 11[4 10 13 12] 12[4 11 13 6 5] 13[6 12 11 10 9 8 7]
 8: 1[2 3 4 5] 2[1 5 6 7 3] 3[1 2 7 8 9 4] 4[1 3 9 10 6 5] 5[1 4 6 2] 6[2 5 4 10 11 12 7] 7[2 6 12 13 8 3] 8[3 7 13 9] 9[3 8 13 10 4] 10[4 9 13 11 6] 11[6 10 13 12] 12[6 11 13 7] 13[7 12 11 10 9 8]
 9: 1[2 3 4 5] 2[1 5 6 7 3] 3[1 2 7 8 9 10 4] 4[1 3 10 5] 5[1 4 10 11 12 6 2] 6[2 5 12 7] 7[2 6 12 13 8 3] 8[3 7 13 9] 9[3 8 13 10] 10[3 9 13 11 5 4] 11[5 10 13 12] 12[5 11 13 7 6] 13[7 12 11 10 9 8]
 10: 1[2 3 4 5] 2[1 5 6 7 8 3] 3[1 2 8 9 10 11 4] 4[1 3 11 5] 5[1 4 11 12 13 6 2] 6[2 5 13 7] 7[2 6 13 8] 8[2 7 13 12 9 3] 9[3 8 12 10] 10[3 9 12 11] 11[3 10 12 5 4] 12[5 11 10 9 8 13] 13[5 12 8 7 6]
 11: 1[2 3 4 5] 2[1 5 6 7 3] 3[1 2 7 8 9 10 4] 4[1 3 10 5] 5[1 4 10 11 12 6 2] 6[2 5 12 13 7] 7[2 6 13 11 8 3] 8[3 7 11 9] 9[3 8 11 10] 10[3 9 11 5 4] 11[5 10 9 8 7 13 12] 12[5 11 13 6] 13[6 12 11 7]
 12: 1[2 3 4 5 6] 2[1 6 7 8 3] 3[1 2 8 9 10 11 4] 4[1 3 11 5] 5[1 4 11 6] 6[1 5 11 12 13 7 2] 7[2 6 13 8] 8[2 7 13 12 9 3] 9[3 8 12 10] 10[3 9 12 11] 11[3 10 12 6 5 4] 12[6 11 10 9 8 13] 13[6 12 8 7]
 13: 1[2 3 4 5 6] 2[1 6 7 3] 3[1 2 7 8 4] 4[1 3 8 5] 5[1 4 8 9 10 6] 6[1 5 10 11 7 2] 7[2 6 11 12 13 8 3] 8[3 7 13 9 5 4] 9[5 8 13 12 11 10] 10[5 9 11 6] 11[6 10 9 12 7] 12[7 11 9 13] 13[7 12 9 8]
 14: 1[2 3 4 5 6] 2[1 6 7 8 9 3] 3[1 2 9 10 4] 4[1 3 10 11 12 13 5] 5[1 4 13 7 6] 6[1 5 7 2] 7[2 6 5 13 12 8] 8[2 7 12 11 10 9] 9[2 8 10 3] 10[3 9 8 11 4] 11[4 10 8 12] 12[4 11 8 7 13] 13[4 12 7 5]
 15: 1[2 3 4 5 6 7] 2[1 7 8 3] 3[1 2 8 4] 4[1 3 8 9 10 5] 5[1 4 10 11 6] 6[1 5 11 7] 7[1 6 11 12 13 8 2] 8[2 7 13 9 4 3] 9[4 8 13 12 11 10] 10[4 9 11 5] 11[5 10 9 12 7 6] 12[7 11 9 13] 13[7 12 9 8]
 16: 1[2 3 4 5 6] 2[1 6 7 8 9 10 3] 3[1 2 10 4] 4[1 3 10 5] 5[1 4 10 11 12 6] 6[1 5 12 7 2] 7[2 6 12 11 13 8] 8[2 7 13 9] 9[2 8 13 11 10] 10[2 9 11 5 4 3] 11[5 10 9 13 7 12] 12[5 11 7 6] 13[7 11 9 8]
 17: 1[2 3 4 5 6] 2[1 6 7 8 9 10 3] 3[1 2 10 4] 4[1 3 10 5] 5[1 4 10 11 12 6] 6[1 5 12 7 2] 7[2 6 12 11 8] 8[2 7 11 13 9] 9[2 8 13 10] 10[2 9 13 11 5 4 3] 11[5 10 13 8 7 12] 12[5 11 7 6] 13[8 11 10 9]
 18: 1[2 3 4 5] 2[1 5 6 7 3] 3[1 2 7 8 9 4] 4[1 3 9 10 11 5] 5[1 4 11 6 2] 6[2 5 11 10 12 13 7] 7[2 6 13 8 3] 8[3 7 13 12 10 9] 9[3 8 10 4] 10[4 9 8 12 6 11] 11[4 10 6 5] 12[6 10 8 13] 13[6 12 8 7]
 19: 1[2 3 4 5] 2[1 5 6 7 8 3] 3[1 2 8 9 10 4] 4[1 3 10 11 5] 5[1 4 11 6 2] 6[2 5 11 10 12 7] 7[2 6 12 13 9 8] 8[2 7 9 3] 9[3 8 7 13 10] 10[3 9 13 12 6 11 4] 11[4 10 6 5] 12[6 10 13 7] 13[7 12 10 9]
 20: 1[2 3 4 5] 2[1 5 6 3] 3[1 2 6 7 4] 4[1 3 7 8 9 5] 5[1 4 9 10 6 2] 6[2 5 10 11 12 7 3] 7[3 6 12 8 4] 8[4 7 12 13 10 9] 9[4 8 10 5] 10[5 9 8 13 11 6] 11[6 10 13 12] 12[6 11 13 8 7] 13[8 12 11 10]
 21: 1[2 3 4 5 6] 2[1 6 7 8 9 10 11 3] 3[1 2 11 4] 4[1 3 11 12 5] 5[1 4 12 13 6] 6[1 5 13 7 2] 7[2 6 13 8] 8[2 7 13 12 9] 9[2 8 12 10] 10[2 9 12 11] 11[2 10 12 4 3] 12[4 11 10 9 8 13 5] 13[5 12 8 7 6]
 22: 1[2 3 4 5 6] 2[1 6 7 3] 3[1 2 7 8 4] 4[1 3 8 9 5] 5[1 4 9 10 6] 6[1 5 10 7 2] 7[2 6 10 11 12 13 8 3] 8[3 7 13 9 4] 9[4 8 13 12 11 10 5] 10[5 9 11 7 6] 11[7 10 9 12] 12[7 11 9 13] 13[7 12 9 8]
 23: 1[2 3 4 5] 2[1 5 6 7 8 9 10 3] 3[1 2 10 4] 4[1 3 10 11 12 5] 5[1 4 12 6 2] 6[2 5 12 13 7] 7[2 6 13 8] 8[2 7 13 9] 9[2 8 13 10] 10[2 9 13 11 4 3] 11[4 10 13 12] 12[4 11 13 6 5] 13[6 12 11 10 9 8 7]
 24: 1[2 3 4 5] 2[1 5 6 7 3] 3[1 2 7 8 9 10 11 4] 4[1 3 11 5] 5[1 4 11 12 6 2] 6[2 5 12 13 7] 7[2 6 13 8 3] 8[3 7 13 12 9] 9[3 8 12 10] 10[3 9 12 11] 11[3 10 12 5 4] 12[5 11 10 9 8 13 6] 13[6 12 8 7]
 25: 1[2 3 4 5] 2[1 5 6 7 3] 3[1 2 7 8 9 10 11 4] 4[1 3 11 5] 5[1 4 11 12 13 6 2] 6[2 5 13 7] 7[2 6 13 12 8 3] 8[3 7 12 9] 9[3 8 12 10] 10[3 9 12 11] 11[3 10 12 5 4] 12[5 11 10 9 8 7 13] 13[5 12 7 6]
 26: 1[2 3 4 5] 2[1 5 6 7 8 3] 3[1 2 8 9 10 11 12 4] 4[1 3 12 5] 5[1 4 12 13 6 2] 6[2 5 13 7] 7[2 6 13 8] 8[2 7 13 9 3] 9[3 8 13 10] 10[3 9 13 11] 11[3 10 13 12] 12[3 11 13 5 4] 13[5 12 11 10 9 8 7 6]
 27: 1[2 3 4 5] 2[1 5 6 7 3] 3[1 2 7 8 9 10 11 4] 4[1 3 11 5] 5[1 4 11 12 6 2] 6[2 5 12 7] 7[2 6 12 8 3] 8[3 7 12 13 9] 9[3 8 13 10] 10[3 9 13 12 11] 11[3 10 12 5 4] 12[5 11 10 13 8 7 6] 13[8 12 10 9]
 28: 1[2 3 4 5 6] 2[1 6 7 8 3] 3[1 2 8 9 10 11 12 4] 4[1 3 12 5] 5[1 4 12 6] 6[1 5 12 13 7 2] 7[2 6 13 8] 8[2 7 13 9 3] 9[3 8 13 10] 10[3 9 13 11] 11[3 10 13 12] 12[3 11 13 6 5 4] 13[6 12 11 10 9 8 7]
 29: 1[2 3 4 5] 2[1 5 6 7 3] 3[1 2 7 8 9 4] 4[1 3 9 10 6 5] 5[1 4 6 2] 6[2 5 4 10 11 12 13 7] 7[2 6 13 8 3] 8[3 7 13 12 11 10 9] 9[3 8 10 4] 10[4 9 8 11 6] 11[6 10 8 12] 12[6 11 8 13] 13[6 12 8 7]
 30: 1[2 3 4 5] 2[1 5 6 7 8 9 10 3] 3[1 2 10 4] 4[1 3 10 11 12 5] 5[1 4 12 13 6 2] 6[2 5 13 7] 7[2 6 13 11 8] 8[2 7 11 9] 9[2 8 11 10] 10[2 9 11 4 3] 11[4 10 9 8 7 13 12] 12[4 11 13 5] 13[5 12 11 7 6]
 31: 1[2 3 4 5] 2[1 5 6 7 8 9 10 3] 3[1 2 10 4] 4[1 3 10 11 12 13 5] 5[1 4 13 6 2] 6[2 5 13 12 7] 7[2 6 12 8] 8[2 7 12 9] 9[2 8 12 11 10] 10[2 9 11 4 3] 11[4 10 9 12] 12[4 11 9 8 7 6 13] 13[4 12 6 5]
 32: 1[2 3 4 5 6] 2[1 6 7 8 9 10 11 12 3] 3[1 2 12 4] 4[1 3 12 13 5] 5[1 4 13 7 6] 6[1 5 7 2] 7[2 6 5 13 8] 8[2 7 13 9] 9[2 8 13 10] 10[2 9 13 11] 11[2 10 13 12] 12[2 11 13 4 3] 13[4 12 11 10 9 8 7 5]
 33: 1[2 3 4 5] 2[1 5 6 7 8 9 10 11 3] 3[1 2 11 4] 4[1 3 11 12 13 5] 5[1 4 13 6 2] 6[2 5 13 12 7] 7[2 6 12 8] 8[2 7 12 9] 9[2 8 12 10] 10[2 9 12 11] 11[2 10 12 4 3] 12[4 11 10 9 8 7 6 13] 13[4 12 6 5]
 34: 1[2 3 4 5] 2[1 5 6 7 8 9 10 11 12 3] 3[1 2 12 4] 4[1 3 12 13 5] 5[1 4 13 6 2] 6[2 5 13 7] 7[2 6 13 8] 8[2 7 13 9] 9[2 8 13 10] 10[2 9 13 11] 11[2 10 13 12] 12[2 11 13 4 3] 13[4 12 11 10 9 8 7 6 5]
 35: 1[2 3 4 5] 2[1 5 6 7 8 9 10 11 3] 3[1 2 11 4] 4[1 3 11 12 5] 5[1 4 12 13 6 2] 6[2 5 13 7] 7[2 6 13 12 8] 8[2 7 12 9] 9[2 8 12 10] 10[2 9 12 11] 11[2 10 12 4 3] 12[4 11 10 9 8 7 13 5] 13[5 12 7 6]
 36: 1[2 3 4 5] 2[1 5 6 7 8 9 10 11 3] 3[1 2 11 4] 4[1 3 11 12 5] 5[1 4 12 6 2] 6[2 5 12 7] 7[2 6 12 8] 8[2 7 12 13 9] 9[2 8 13 10] 10[2 9 13 12 11] 11[2 10 12 4 3] 12[4 11 10 13 8 7 6 5] 13[8 12 10 9]
 37: 1[2 3 4 5 6] 2[1 6 7 8 9 10 11 12 3] 3[1 2 12 4] 4[1 3 12 5] 5[1 4 12 13 6] 6[1 5 13 7 2] 7[2 6 13 8] 8[2 7 13 9] 9[2 8 13 10] 10[2 9 13 11] 11[2 10 13 12] 12[2 11 13 5 4 3] 13[5 12 11 10 9 8 7 6]
 38: 1[2 3 4 5] 2[1 5 6 7 8 3] 3[1 2 8 9 10 11 12 13 4] 4[1 3 13 5] 5[1 4 13 6 2] 6[2 5 13 7] 7[2 6 13 12 11 10 9 8] 8[2 7 9 3] 9[3 8 7 10] 10[3 9 7 11] 11[3 10 7 12] 12[3 11 7 13] 13[3 12 7 6 5 4]
 39: 1[2 3 4 5] 2[1 5 6 7 8 3] 3[1 2 8 9 10 11 12 4] 4[1 3 12 5] 5[1 4 12 6 2] 6[2 5 12 11 10 9 13 7] 7[2 6 13 8] 8[2 7 13 9 3] 9[3 8 13 6 10] 10[3 9 6 11] 11[3 10 6 12] 12[3 11 6 5 4] 13[6 9 8 7]
 40: 1[2 3 4 5 6] 2[1 6 7 8 9 3] 3[1 2 9 4] 4[1 3 9 10 11 12 13 5] 5[1 4 13 6] 6[1 5 13 7 2] 7[2 6 13 12 11 10 8] 8[2 7 10 9] 9[2 8 10 4 3] 10[4 9 8 7 11] 11[4 10 7 12] 12[4 11 7 13] 13[4 12 7 6 5]
 41: 1[2 3 4 5] 2[1 5 6 7 8 9 10 3] 3[1 2 10 4] 4[1 3 10 11 5] 5[1 4 11 12 13 6 2] 6[2 5 13 7] 7[2 6 13 12 11 8] 8[2 7 11 9] 9[2 8 11 10] 10[2 9 11 4 3] 11[4 10 9 8 7 12 5] 12[5 11 7 13] 13[5 12 7 6]
 42: 1[2 3 4 5] 2[1 5 6 7 8 9 10 11 3] 3[1 2 11 4] 4[1 3 11 12 5] 5[1 4 12 13 6 2] 6[2 5 13 7] 7[2 6 13 8] 8[2 7 13 12 9] 9[2 8 12 10] 10[2 9 12 11] 11[2 10 12 4 3] 12[4 11 10 9 8 13 5] 13[5 12 8 7 6]
 43: 1[2 3 4 5] 2[1 5 6 7 8 9 10 3] 3[1 2 10 4] 4[1 3 10 11 5] 5[1 4 11 12 6 2] 6[2 5 12 7] 7[2 6 12 11 8] 8[2 7 11 13 9] 9[2 8 13 10] 10[2 9 13 11 4 3] 11[4 10 13 8 7 12 5] 12[5 11 7 6] 13[8 11 10 9]
 44: 1[2 3 4 5 6] 2[1 6 7 8 9 10 11 3] 3[1 2 11 4] 4[1 3 11 5] 5[1 4 11 12 6] 6[1 5 12 13 7 2] 7[2 6 13 8] 8[2 7 13 12 9] 9[2 8 12 10] 10[2 9 12 11] 11[2 10 12 5 4 3] 12[5 11 10 9 8 13 6] 13[6 12 8 7]
 45: 1[2 3 4 5] 2[1 5 6 7 3] 3[1 2 7 8 4] 4[1 3 8 9 10 6 5] 5[1 4 6 2] 6[2 5 4 10 11 12 13 7] 7[2 6 13 8 3] 8[3 7 13 12 11 9 4] 9[4 8 11 10] 10[4 9 11 6] 11[6 10 9 8 12] 12[6 11 8 13] 13[6 12 8 7]
 46: 1[2 3 4 5 6] 2[1 6 7 3] 3[1 2 7 8 4] 4[1 3 8 9 10 5] 5[1 4 10 6] 6[1 5 10 7 2] 7[2 6 10 11 8 3] 8[3 7 11 12 13 9 4] 9[4 8 13 10] 10[4 9 13 12 11 7 6 5] 11[7 10 12 8] 12[8 11 10 13] 13[8 12 10 9]
 47: 1[2 3 4 5 6] 2[1 6 7 8 3] 3[1 2 8 9 4] 4[1 3 9 10 11 12 13 5] 5[1 4 13 7 6] 6[1 5 7 2] 7[2 6 5 13 12 8] 8[2 7 12 11 10 9 3] 9[3 8 10 4] 10[4 9 8 11] 11[4 10 8 12] 12[4 11 8 7 13] 13[4 12 7 5]
 48: 1[2 3 4 5 6 7] 2[1 7 8 9 3] 3[1 2 9 10 4] 4[1 3 10 11 12 13 8 5] 5[1 4 8 6] 6[1 5 8 7] 7[1 6 8 2] 8[2 7 6 5 4 13 9] 9[2 8 13 12 11 10 3] 10[3 9 11 4] 11[4 10 9 12] 12[4 11 9 13] 13[4 12 9 8]
 49: 1[2 3 4 5 6 7] 2[1 7 8 3] 3[1 2 8 4] 4[1 3 8 9 5] 5[1 4 9 10 6] 6[1 5 10 7] 7[1 6 10 11 12 13 8 2] 8[2 7 13 9 4 3] 9[4 8 13 12 11 10 5] 10[5 9 11 7 6] 11[7 10 9 12] 12[7 11 9 13] 13[7 12 9 8]
 50: 1[2 3 4 5] 2[1 5 6 7 8 3] 3[1 2 8 9 10 11 12 4] 4[1 3 12 5] 5[1 4 12 6 2] 6[2 5 12 13 7] 7[2 6 13 11 10 9 8] 8[2 7 9 3] 9[3 8 7 10] 10[3 9 7 11] 11[3 10 7 13 12] 12[3 11 13 6 5 4] 13[6 12 11 7]
 51: 1[2 3 4 5] 2[1 5 6 7 8 3] 3[1 2 8 9 10 11 12 4] 4[1 3 12 5] 5[1 4 12 6 2] 6[2 5 12 7] 7[2 6 12 13 10 9 8] 8[2 7 9 3] 9[3 8 7 10] 10[3 9 7 13 11] 11[3 10 13 12] 12[3 11 13 7 6 5 4] 13[7 12 11 10]
 52: 1[2 3 4 5] 2[1 5 6 7 8 3] 3[1 2 8 9 10 11 12 4] 4[1 3 12 13 5] 5[1 4 13 6 2] 6[2 5 13 7] 7[2 6 13 11 10 9 8] 8[2 7 9 3] 9[3 8 7 10] 10[3 9 7 11] 11[3 10 7 13 12] 12[3 11 13 4] 13[4 12 11 7 6 5]
 53: 1[2 3 4 5 6] 2[1 6 7 8 9 3] 3[1 2 9 10 11 12 13 4] 4[1 3 13 5] 5[1 4 13 6] 6[1 5 13 7 2] 7[2 6 13 8] 8[2 7 13 12 11 10 9] 9[2 8 10 3] 10[3 9 8 11] 11[3 10 8 12] 12[3 11 8 13] 13[3 12 8 7 6 5 4]
 54: 1[2 3 4 5 6] 2[1 6 7 8 3] 3[1 2 8 9 4] 4[1 3 9 10 11 5] 5[1 4 11 6] 6[1 5 11 7 2] 7[2 6 11 10 12 13 8] 8[2 7 13 9 3] 9[3 8 13 12 10 4] 10[4 9 12 7 11] 11[4 10 7 6 5] 12[7 10 9 13] 13[7 12 9 8]
 55: 1[2 3 4 5] 2[1 5 6 7 3] 3[1 2 7 8 9 4] 4[1 3 9 10 5] 5[1 4 10 11 6 2] 6[2 5 11 8 7] 7[2 6 8 3] 8[3 7 6 11 12 13 9] 9[3 8 13 10 4] 10[4 9 13 12 11 5] 11[5 10 12 8 6] 12[8 11 10 13] 13[8 12 10 9]
 56: 1[2 3 4 5] 2[1 5 6 7 8 3] 3[1 2 8 9 4] 4[1 3 9 10 5] 5[1 4 10 11 6 2] 6[2 5 11 7] 7[2 6 11 8] 8[2 7 11 12 13 9 3] 9[3 8 13 10 4] 10[4 9 13 12 11 5] 11[5 10 12 8 7 6] 12[8 11 10 13] 13[8 12 10 9]
 57: 1[2 3 4 5] 2[1 5 6 7 3] 3[1 2 7 8 9 10 4] 4[1 3 10 11 5] 5[1 4 11 6 2] 6[2 5 11 9 12 7] 7[2 6 12 13 8 3] 8[3 7 13 9] 9[3 8 13 12 6 11 10] 10[3 9 11 4] 11[4 10 9 6 5] 12[6 9 13 7] 13[7 12 9 8]
 58: 1[2 3 4 5] 2[1 5 6 7 3] 3[1 2 7 8 9 4] 4[1 3 9 10 11 5] 5[1 4 11 6 2] 6[2 5 11 8 7] 7[2 6 8 3] 8[3 7 6 11 12 9] 9[3 8 12 13 10 4] 10[4 9 13 11] 11[4 10 13 12 8 6 5] 12[8 11 13 9] 13[9 12 11 10]
 59: 1[2 3 4 5] 2[1 5 6 7 3] 3[1 2 7 8 4] 4[1 3 8 9 10 5] 5[1 4 10 6 2] 6[2 5 10 11 7] 7[2 6 11 12 8 3] 8[3 7 12 13 9 4] 9[4 8 13 10] 10[4 9 13 12 11 6 5] 11[6 10 12 7] 12[7 11 10 13 8] 13[8 12 10 9]
 60: 1[2 3 4 5] 2[1 5 6 7 3] 3[1 2 7 8 4] 4[1 3 8 9 10 5] 5[1 4 10 11 6 2] 6[2 5 11 7] 7[2 6 11 10 12 8 3] 8[3 7 12 13 9 4] 9[4 8 13 10] 10[4 9 13 12 7 11 5] 11[5 10 7 6] 12[7 10 13 8] 13[8 12 10 9]
 61: 1[2 3 4 5] 2[1 5 6 7 3] 3[1 2 7 8 4] 4[1 3 8 9 10 5] 5[1 4 10 11 6 2] 6[2 5 11 7] 7[2 6 11 12 8 3] 8[3 7 12 13 9 4] 9[4 8 13 11 10] 10[4 9 11 5] 11[5 10 9 13 12 7 6] 12[7 11 13 8] 13[8 12 11 9]
 62: 1[2 3 4 5] 2[1 5 6 7 8 3] 3[1 2 8 9 4] 4[1 3 9 10 11 6 5] 5[1 4 6 2] 6[2 5 4 11 7] 7[2 6 11 10 12 13 8] 8[2 7 13 9 3] 9[3 8 13 12 10 4] 10[4 9 12 7 11] 11[4 10 7 6] 12[7 10 9 13] 13[7 12 9 8]
 63: 1[2 3 4 5] 2[1 5 6 7 8 3] 3[1 2 8 9 4] 4[1 3 9 10 11 6 5] 5[1 4 6 2] 6[2 5 4 11 7] 7[2 6 11 8] 8[2 7 11 12 9 3] 9[3 8 12 13 10 4] 10[4 9 13 11] 11[4 10 13 12 8 7 6] 12[8 11 13 9] 13[9 12 11 10]
 64: 1[2 3 4 5] 2[1 5 6 7 3] 3[1 2 7 8 9 4] 4[1 3 9 10 5] 5[1 4 10 11 6 2] 6[2 5 11 12 13 8 7] 7[2 6 8 3] 8[3 7 6 13 9] 9[3 8 13 10 4] 10[4 9 13 12 11 5] 11[5 10 12 6] 12[6 11 10 13] 13[6 12 10 9 8]
 65: 1[2 3 4 5] 2[1 5 6 3] 3[1 2 6 7 8 9 4] 4[1 3 9 10 5] 5[1 4 10 11 6 2] 6[2 5 11 12 13 7 3] 7[3 6 13 8] 8[3 7 13 9] 9[3 8 13 10 4] 10[4 9 13 12 11 5] 11[5 10 12 6] 12[6 11 10 13] 13[6 12 10 9 8 7]
 66: 1[2 3 4 5] 2[1 5 6 7 3] 3[1 2 7 8 9 4] 4[1 3 9 10 5] 5[1 4 10 11 6 2] 6[2 5 11 7] 7[2 6 11 12 13 8 3] 8[3 7 13 9] 9[3 8 13 10 4] 10[4 9 13 12 11 5] 11[5 10 12 7 6] 12[7 11 10 13] 13[7 12 10 9 8]
 67: 1[2 3 4 5] 2[1 5 6 7 8 9 3] 3[1 2 9 10 4] 4[1 3 10 11 5] 5[1 4 11 6 2] 6[2 5 11 12 7] 7[2 6 12 13 8] 8[2 7 13 10 9] 9[2 8 10 3] 10[3 9 8 13 11 4] 11[4 10 13 12 6 5] 12[6 11 13 7] 13[7 12 11 10 8]
 68: 1[2 3 4 5] 2[1 5 6 7 8 9 3] 3[1 2 9 4] 4[1 3 9 10 5] 5[1 4 10 6 2] 6[2 5 10 11 12 7] 7[2 6 12 8] 8[2 7 12 13 9] 9[2 8 13 10 4 3] 10[4 9 13 11 6 5] 11[6 10 13 12] 12[6 11 13 8 7] 13[8 12 11 10 9]
 69: 1[2 3 4 5] 2[1 5 6 7 8 9 3] 3[1 2 9 4] 4[1 3 9 10 5] 5[1 4 10 6 2] 6[2 5 10 11 7] 7[2 6 11 12 13 8] 8[2 7 13 9] 9[2 8 13 12 10 4 3] 10[4 9 12 11 6 5] 11[6 10 12 7] 12[7 11 10 9 13] 13[7 12 9 8]
 70: 1[2 3 4 5] 2[1 5 6 7 8 9 3] 3[1 2 9 4] 4[1 3 9 10 5] 5[1 4 10 11 6 2] 6[2 5 11 7] 7[2 6 11 12 13 8] 8[2 7 13 9] 9[2 8 13 10 4 3] 10[4 9 13 12 11 5] 11[5 10 12 7 6] 12[7 11 10 13] 13[7 12 10 9 8]
 71: 1[2 3 4 5] 2[1 5 6 7 8 9 3] 3[1 2 9 4] 4[1 3 9 10 5] 5[1 4 10 6 2] 6[2 5 10 11 7] 7[2 6 11 12 8] 8[2 7 12 13 9] 9[2 8 13 10 4 3] 10[4 9 13 12 11 6 5] 11[6 10 12 7] 12[7 11 10 13 8] 13[8 12 10 9]
 72: 1[2 3 4 5] 2[1 5 6 7 8 9 3] 3[1 2 9 4] 4[1 3 9 10 5] 5[1 4 10 6 2] 6[2 5 10 11 12 7] 7[2 6 12 13 8] 8[2 7 13 10 9] 9[2 8 10 4 3] 10[4 9 8 13 11 6 5] 11[6 10 13 12] 12[6 11 13 7] 13[7 12 11 10 8]
 73: 1[2 3 4 5] 2[1 5 6 7 8 9 3] 3[1 2 9 4] 4[1 3 9 10 5] 5[1 4 10 6 2] 6[2 5 10 11 7] 7[2 6 11 12 13 8] 8[2 7 13 10 9] 9[2 8 10 4 3] 10[4 9 8 13 12 11 6 5] 11[6 10 12 7] 12[7 11 10 13] 13[7 12 10 8]
 74: 1[2 3 4 5] 2[1 5 6 7 8 9 3] 3[1 2 9 4] 4[1 3 9 10 5] 5[1 4 10 11 6 2] 6[2 5 11 7] 7[2 6 11 12 13 8] 8[2 7 13 10 9] 9[2 8 10 4 3] 10[4 9 8 13 12 11 5] 11[5 10 12 7 6] 12[7 11 10 13] 13[7 12 10 8]
 75: 1[2 3 4 5] 2[1 5 6 7 8 9 3] 3[1 2 9 4] 4[1 3 9 10 5] 5[1 4 10 6 2] 6[2 5 10 11 12 7] 7[2 6 12 8] 8[2 7 12 13 10 9] 9[2 8 10 4 3] 10[4 9 8 13 11 6 5] 11[6 10 13 12] 12[6 11 13 8 7] 13[8 12 11 10]
 76: 1[2 3 4 5] 2[1 5 6 7 8 9 3] 3[1 2 9 4] 4[1 3 9 10 5] 5[1 4 10 6 2] 6[2 5 10 11 12 7] 7[2 6 12 13 8] 8[2 7 13 9] 9[2 8 13 10 4 3] 10[4 9 13 11 6 5] 11[6 10 13 12] 12[6 11 13 7] 13[7 12 11 10 9 8]
 77: 1[2 3 4 5] 2[1 5 6 7 8 9 3] 3[1 2 9 4] 4[1 3 9 10 5] 5[1 4 10 6 2] 6[2 5 10 11 12 7] 7[2 6 12 13 8] 8[2 7 13 11 10 9] 9[2 8 10 4 3] 10[4 9 8 11 6 5] 11[6 10 8 13 12] 12[6 11 13 7] 13[7 12 11 8]
 78: 1[2 3 4 5] 2[1 5 6 7 8 9 3] 3[1 2 9 4] 4[1 3 9 10 5] 5[1 4 10 6 2] 6[2 5 10 11 12 13 7] 7[2 6 13 8] 8[2 7 13 12 11 10 9] 9[2 8 10 4 3] 10[4 9 8 11 6 5] 11[6 10 8 12] 12[6 11 8 13] 13[6 12 8 7]
 79: 1[2 3 4 5] 2[1 5 6 3] 3[1 2 6 7 4] 4[1 3 7 8 9 5] 5[1 4 9 10 11 12 6 2] 6[2 5 12 7 3] 7[3 6 12 13 8 4] 8[4 7 13 10 9] 9[4 8 10 5] 10[5 9 8 13 11] 11[5 10 13 12] 12[5 11 13 7 6] 13[7 12 11 10 8]
 80: 1[2 3 4 5] 2[1 5 6 3] 3[1 2 6 7 4] 4[1 3 7 8 5] 5[1 4 8 9 10 11 6 2] 6[2 5 11 7 3] 7[3 6 11 12 8 4] 8[4 7 12 9 5] 9[5 8 12 13 10] 10[5 9 13 11] 11[5 10 13 12 7 6] 12[7 11 13 9 8] 13[9 12 11 10]
 81: 1[2 3 4 5] 2[1 5 6 3] 3[1 2 6 7 4] 4[1 3 7 8 5] 5[1 4 8 9 10 11 12 6 2] 6[2 5 12 7 3] 7[3 6 12 13 8 4] 8[4 7 13 9 5] 9[5 8 13 10] 10[5 9 13 11] 11[5 10 13 12] 12[5 11 13 7 6] 13[7 12 11 10 9 8]
 82: 1[2 3 4 5 6] 2[1 6 7 8 3] 3[1 2 8 9 4] 4[1 3 9 10 5] 5[1 4 10 11 12 7 6] 6[1 5 7 2] 7[2 6 5 12 8] 8[2 7 12 9 3] 9[3 8 12 13 10 4] 10[4 9 13 11 5] 11[5 10 13 12] 12[5 11 13 9 8 7] 13[9 12 11 10]
 83: 1[2 3 4 5] 2[1 5 6 7 3] 3[1 2 7 8 4] 4[1 3 8 9 5] 5[1 4 9 10 11 6 2] 6[2 5 11 12 7] 7[2 6 12 8 3] 8[3 7 12 13 9 4] 9[4 8 13 10 5] 10[5 9 13 12 11] 11[5 10 12 6] 12[6 11 10 13 8 7] 13[8 12 10 9]
 84: 1[2 3 4 5 6] 2[1 6 7 8 3] 3[1 2 8 9 4] 4[1 3 9 10 5] 5[1 4 10 6] 6[1 5 10 11 12 7 2] 7[2 6 12 8] 8[2 7 12 9 3] 9[3 8 12 13 10 4] 10[4 9 13 11 6 5] 11[6 10 13 12] 12[6 11 13 9 8 7] 13[9 12 11 10]
 85: 1[2 3 4 5] 2[1 5 6 7 8 9 3] 3[1 2 9 10 4] 4[1 3 10 11 5] 5[1 4 11 12 6 2] 6[2 5 12 7] 7[2 6 12 13 8] 8[2 7 13 11 10 9] 9[2 8 10 3] 10[3 9 8 11 4] 11[4 10 8 13 12 5] 12[5 11 13 7 6] 13[7 12 11 8]
 86: 1[2 3 4 5 6] 2[1 6 7 3] 3[1 2 7 8 4] 4[1 3 8 5] 5[1 4 8 9 6] 6[1 5 9 10 7 2] 7[2 6 10 11 12 8 3] 8[3 7 12 9 5 4] 9[5 8 12 13 10 6] 10[6 9 13 11 7] 11[7 10 13 12] 12[7 11 13 9 8] 13[9 12 11 10]
 87: 1[2 3 4 5 6] 2[1 6 7 8 9 10 3] 3[1 2 10 11 4] 4[1 3 11 5] 5[1 4 11 12 6] 6[1 5 12 7 2] 7[2 6 12 13 8] 8[2 7 13 9] 9[2 8 13 12 11 10] 10[2 9 11 3] 11[3 10 9 12 5 4] 12[5 11 9 13 7 6] 13[7 12 9 8]
 88: 1[2 3 4 5 6 7] 2[1 7 8 9 10 11 3] 3[1 2 11 4] 4[1 3 11 5] 5[1 4 11 6] 6[1 5 11 12 7] 7[1 6 12 8 2] 8[2 7 12 13 9] 9[2 8 13 10] 10[2 9 13 12 11] 11[2 10 12 6 5 4 3] 12[6 11 10 13 8 7] 13[8 12 10 9]
 89: 1[2 3 4 5 6 7] 2[1 7 8 3] 3[1 2 8 4] 4[1 3 8 9 5] 5[1 4 9 10 6] 6[1 5 10 7] 7[1 6 10 11 12 8 2] 8[2 7 12 9 4 3] 9[4 8 12 13 10 5] 10[5 9 13 11 7 6] 11[7 10 13 12] 12[7 11 13 9 8] 13[9 12 11 10]
 90: 1[2 3 4 5 6] 2[1 6 7 8 9 10 3] 3[1 2 10 4] 4[1 3 10 5] 5[1 4 10 11 6] 6[1 5 11 12 7 2] 7[2 6 12 8] 8[2 7 12 13 9] 9[2 8 13 11 10] 10[2 9 11 5 4 3] 11[5 10 9 13 12 6] 12[6 11 13 8 7] 13[8 12 11 9]
 91: 1[2 3 4 5 6] 2[1 6 7 8 9 10 3] 3[1 2 10 4] 4[1 3 10 5] 5[1 4 10 11 6] 6[1 5 11 7 2] 7[2 6 11 12 13 8] 8[2 7 13 9] 9[2 8 13 12 11 10] 10[2 9 11 5 4 3] 11[5 10 9 12 7 6] 12[7 11 9 13] 13[7 12 9 8]
 92: 1[2 3 4 5] 2[1 5 6 7 3] 3[1 2 7 8 9 10 11 4] 4[1 3 11 5] 5[1 4 11 12 6 2] 6[2 5 12 9 8 7] 7[2 6 8 3] 8[3 7 6 9] 9[3 8 6 12 13 10] 10[3 9 13 11] 11[3 10 13 12 5 4] 12[5 11 13 9 6] 13[9 12 11 10]
 93: 1[2 3 4 5] 2[1 5 6 7 3] 3[1 2 7 8 9 10 11 12 4] 4[1 3 12 5] 5[1 4 12 13 6 2] 6[2 5 13 9 8 7] 7[2 6 8 3] 8[3 7 6 9] 9[3 8 6 13 10] 10[3 9 13 11] 11[3 10 13 12] 12[3 11 13 5 4] 13[5 12 11 10 9 6]
 94: 1[2 3 4 5] 2[1 5 6 7 8 9 10 11 3] 3[1 2 11 4] 4[1 3 11 10 12 13 5] 5[1 4 13 6 2] 6[2 5 13 7] 7[2 6 13 8] 8[2 7 13 12 9] 9[2 8 12 10] 10[2 9 12 4 11] 11[2 10 4 3] 12[4 10 9 8 13] 13[4 12 8 7 6 5]
 95: 1[2 3 4 5] 2[1 5 6 7 8 9 10 11 3] 3[1 2 11 4] 4[1 3 11 10 12 13 5] 5[1 4 13 6 2] 6[2 5 13 7] 7[2 6 13 8] 8[2 7 13 9] 9[2 8 13 12 10] 10[2 9 12 4 11] 11[2 10 4 3] 12[4 10 9 13] 13[4 12 9 8 7 6 5]
 96: 1[2 3 4 5] 2[1 5 6 7 8 9 10 11 12 3] 3[1 2 12 4] 4[1 3 12 11 10 9 13 5] 5[1 4 13 6 2] 6[2 5 13 7] 7[2 6 13 8] 8[2 7 13 9] 9[2 8 13 4 10] 10[2 9 4 11] 11[2 10 4 12] 12[2 11 4 3] 13[4 9 8 7 6 5]
 97: 1[2 3 4 5] 2[1 5 6 7 8 9 10 11 3] 3[1 2 11 4] 4[1 3 11 12 9 13 5] 5[1 4 13 6 2] 6[2 5 13 7] 7[2 6 13 8] 8[2 7 13 9] 9[2 8 13 4 12 10] 10[2 9 12 11] 11[2 10 12 4 3] 12[4 11 10 9] 13[4 9 8 7 6 5]
 98: 1[2 3 4 5] 2[1 5 6 7 8 9 10 11 3] 3[1 2 11 4] 4[1 3 11 10 9 12 5] 5[1 4 12 6 2] 6[2 5 12 13 7] 7[2 6 13 8] 8[2 7 13 12 9] 9[2 8 12 4 10] 10[2 9 4 11] 11[2 10 4 3] 12[4 9 8 13 6 5] 13[6 12 8 7]
 99: 1[2 3 4 5] 2[1 5 6 7 8 9 10 11 3] 3[1 2 11 4] 4[1 3 11 10 9 12 5] 5[1 4 12 13 6 2] 6[2 5 13 7] 7[2 6 13 8] 8[2 7 13 9] 9[2 8 13 12 4 10] 10[2 9 4 11] 11[2 10 4 3] 12[4 9 13 5] 13[5 12 9 8 7 6]
 100: 1[2 3 4 5] 2[1 5 6 7 8 9 3] 3[1 2 9 10 4] 4[1 3 10 11 12 13 8 7 6 5] 5[1 4 6 2] 6[2 5 4 7] 7[2 6 4 8] 8[2 7 4 13 9] 9[2 8 13 12 11 10 3] 10[3 9 11 4] 11[4 10 9 12] 12[4 11 9 13] 13[4 12 9 8]
 101: 1[2 3 4 5 6] 2[1 6 7 8 9 3] 3[1 2 9 10 11 4] 4[1 3 11 5] 5[1 4 11 7 6] 6[1 5 7 2] 7[2 6 5 11 8] 8[2 7 11 12 9] 9[2 8 12 13 10 3] 10[3 9 13 11] 11[3 10 13 12 8 7 5 4] 12[8 11 13 9] 13[9 12 11 10]
 102: 1[2 3 4 5 6 7] 2[1 7 8 9 10 3] 3[1 2 10 11 4] 4[1 3 11 12 13 9 8 5] 5[1 4 8 6] 6[1 5 8 7] 7[1 6 8 2] 8[2 7 6 5 4 9] 9[2 8 4 13 10] 10[2 9 13 12 11 3] 11[3 10 12 4] 12[4 11 10 13] 13[4 12 10 9]
 103: 1[2 3 4 5 6 7] 2[1 7 8 3] 3[1 2 8 4] 4[1 3 8 9 10 5] 5[1 4 10 11 6] 6[1 5 11 7] 7[1 6 11 12 13 9 8 2] 8[2 7 9 4 3] 9[4 8 7 13 10] 10[4 9 13 12 11 5] 11[5 10 12 7 6] 12[7 11 10 13] 13[7 12 10 9]
 104: 1[2 3 4 5 6] 2[1 6 7 8 9 10 11 3] 3[1 2 11 4] 4[1 3 11 5] 5[1 4 11 10 12 6] 6[1 5 12 7 2] 7[2 6 12 13 8] 8[2 7 13 9] 9[2 8 13 12 10] 10[2 9 12 5 11] 11[2 10 5 4 3] 12[5 10 9 13 7 6] 13[7 12 9 8]
 105: 1[2 3 4 5] 2[1 5 6 7 8 3] 3[1 2 8 9 10 4] 4[1 3 10 11 12 7 6 5] 5[1 4 6 2] 6[2 5 4 7] 7[2 6 4 12 13 8] 8[2 7 13 9 3] 9[3 8 13 12 11 10] 10[3 9 11 4] 11[4 10 9 12] 12[4 11 9 13 7] 13[7 12 9 8]
 106: 1[2 3 4 5 6] 2[1 6 7 8 9 3] 3[1 2 9 10 11 4] 4[1 3 11 5] 5[1 4 11 12 13 8 7 6] 6[1 5 7 2] 7[2 6 5 8] 8[2 7 5 13 10 9] 9[2 8 10 3] 10[3 9 8 13 12 11] 11[3 10 12 5 4] 12[5 11 10 13] 13[5 12 10 8]
 107: 1[2 3 4 5] 2[1 5 6 7 8 9 10 3] 3[1 2 10 4] 4[1 3 10 9 11 5] 5[1 4 11 12 6 2] 6[2 5 12 13 7] 7[2 6 13 8] 8[2 7 13 12 9] 9[2 8 12 11 4 10] 10[2 9 4 3] 11[4 9 12 5] 12[5 11 9 8 13 6] 13[6 12 8 7]
 108: 1[2 3 4 5] 2[1 5 6 7 3] 3[1 2 7 8 4] 4[1 3 8 9 10 5] 5[1 4 10 11 6 2] 6[2 5 11 12 7] 7[2 6 12 13 8 3] 8[3 7 13 9 4] 9[4 8 13 10] 10[4 9 13 12 11 5] 11[5 10 12 6] 12[6 11 10 13 7] 13[7 12 10 9 8]
 109: 1[2 3 4 5 6] 2[1 6 7 8 3] 3[1 2 8 9 4] 4[1 3 9 10 11 5] 5[1 4 11 12 7 6] 6[1 5 7 2] 7[2 6 5 12 8] 8[2 7 12 13 9 3] 9[3 8 13 10 4] 10[4 9 13 11] 11[4 10 13 12 5] 12[5 11 13 8 7] 13[8 12 11 10 9]
 110: 1[2 3 4 5 6] 2[1 6 7 8 3] 3[1 2 8 9 4] 4[1 3 9 10 11 5] 5[1 4 11 6] 6[1 5 11 12 7 2] 7[2 6 12 8] 8[2 7 12 13 9 3] 9[3 8 13 10 4] 10[4 9 13 11] 11[4 10 13 12 6 5] 12[6 11 13 8 7] 13[8 12 11 10 9]
 111: 1[2 3 4 5] 2[1 5 6 7 8 3] 3[1 2 8 4] 4[1 3 8 9 10 5] 5[1 4 10 11 6 2] 6[2 5 11 12 7] 7[2 6 12 13 8] 8[2 7 13 9 4 3] 9[4 8 13 10] 10[4 9 13 12 11 5] 11[5 10 12 6] 12[6 11 10 13 7] 13[7 12 10 9 8]
 112: 1[2 3 4 5 6] 2[1 6 7 8 9 3] 3[1 2 9 4] 4[1 3 9 10 5] 5[1 4 10 11 7 6] 6[1 5 7 2] 7[2 6 5 11 12 8] 8[2 7 12 13 9] 9[2 8 13 10 4 3] 10[4 9 13 12 11 5] 11[5 10 12 7] 12[7 11 10 13 8] 13[8 12 10 9]
 113: 1[2 3 4 5] 2[1 5 6 7 8 3] 3[1 2 8 4] 4[1 3 8 9 5] 5[1 4 9 10 6 2] 6[2 5 10 11 7] 7[2 6 11 12 8] 8[2 7 12 9 4 3] 9[4 8 12 13 10 5] 10[5 9 13 11 6] 11[6 10 13 12 7] 12[7 11 13 9 8] 13[9 12 11 10]
 114: 1[2 3 4 5 6] 2[1 6 7 3] 3[1 2 7 8 4] 4[1 3 8 9 10 5] 5[1 4 10 11 6] 6[1 5 11 12 7 2] 7[2 6 12 13 8 3] 8[3 7 13 9 4] 9[4 8 13 10] 10[4 9 13 12 11 5] 11[5 10 12 6] 12[6 11 10 13 7] 13[7 12 10 9 8]
 115: 1[2 3 4 5 6] 2[1 6 7 8 9 3] 3[1 2 9 4] 4[1 3 9 10 5] 5[1 4 10 11 6] 6[1 5 11 12 7 2] 7[2 6 12 13 8] 8[2 7 13 9] 9[2 8 13 10 4 3] 10[4 9 13 12 11 5] 11[5 10 12 6] 12[6 11 10 13 7] 13[7 12 10 9 8]
 116: 1[2 3 4 5] 2[1 5 6 7 8 3] 3[1 2 8 9 10 4] 4[1 3 10 5] 5[1 4 10 11 6 2] 6[2 5 11 12 7] 7[2 6 12 13 8] 8[2 7 13 9 3] 9[3 8 13 11 10] 10[3 9 11 5 4] 11[5 10 9 13 12 6] 12[6 11 13 7] 13[7 12 11 9 8]
 117: 1[2 3 4 5] 2[1 5 6 7 8 3] 3[1 2 8 9 10 4] 4[1 3 10 5] 5[1 4 10 11 6 2] 6[2 5 11 12 7] 7[2 6 12 13 8] 8[2 7 13 9 3] 9[3 8 13 12 10] 10[3 9 12 11 5 4] 11[5 10 12 6] 12[6 11 10 9 13 7] 13[7 12 9 8]
 118: 1[2 3 4 5 6] 2[1 6 7 8 9 3] 3[1 2 9 10 11 4] 4[1 3 11 5] 5[1 4 11 12 7 6] 6[1 5 7 2] 7[2 6 5 12 8] 8[2 7 12 13 9] 9[2 8 13 10 3] 10[3 9 13 12 11] 11[3 10 12 5 4] 12[5 11 10 13 8 7] 13[8 12 10 9]
 119: 1[2 3 4 5 6] 2[1 6 7 8 9 3] 3[1 2 9 4] 4[1 3 9 10 11 5] 5[1 4 11 6] 6[1 5 11 12 7 2] 7[2 6 12 8] 8[2 7 12 13 9] 9[2 8 13 10 4 3] 10[4 9 13 12 11] 11[4 10 12 6 5] 12[6 11 10 13 8 7] 13[8 12 10 9]
 120: 1[2 3 4 5] 2[1 5 6 7 8 3] 3[1 2 8 4] 4[1 3 8 9 10 5] 5[1 4 10 11 6 2] 6[2 5 11 12 13 7] 7[2 6 13 9 8] 8[2 7 9 4 3] 9[4 8 7 13 12 11 10] 10[4 9 11 5] 11[5 10 9 12 6] 12[6 11 9 13] 13[6 12 9 7]
 121: 1[2 3 4 5] 2[1 5 6 7 8 3] 3[1 2 8 4] 4[1 3 8 9 5] 5[1 4 9 10 6 2] 6[2 5 10 11 12 13 7] 7[2 6 13 9 8] 8[2 7 9 4 3] 9[4 8 7 13 12 11 10 5] 10[5 9 11 6] 11[6 10 9 12] 12[6 11 9 13] 13[6 12 9 7]
 122: 1[2 3 4 5] 2[1 5 6 7 8 9 3] 3[1 2 9 4] 4[1 3 9 10 6 5] 5[1 4 6 2] 6[2 5 4 10 11 7] 7[2 6 11 12 13 8] 8[2 7 13 10 9] 9[2 8 10 4 3] 10[4 9 8 13 12 11 6] 11[6 10 12 7] 12[7 11 10 13] 13[7 12 10 8]
 123: 1[2 3 4 5] 2[1 5 6 7 8 3] 3[1 2 8 9 10 4] 4[1 3 10 5] 5[1 4 10 11 6 2] 6[2 5 11 9 12 13 7] 7[2 6 13 8] 8[2 7 13 12 9 3] 9[3 8 12 6 11 10] 10[3 9 11 5 4] 11[5 10 9 6] 12[6 9 8 13] 13[6 12 8 7]
 124: 1[2 3 4 5] 2[1 5 6 7 8 3] 3[1 2 8 9 10 4] 4[1 3 10 5] 5[1 4 10 6 2] 6[2 5 10 11 12 13 7] 7[2 6 13 8] 8[2 7 13 12 9 3] 9[3 8 12 11 10] 10[3 9 11 6 5 4] 11[6 10 9 12] 12[6 11 9 8 13] 13[6 12 8 7]
 125: 1[2 3 4 5] 2[1 5 6 7 8 3] 3[1 2 8 9 10 4] 4[1 3 10 5] 5[1 4 10 6 2] 6[2 5 10 9 11 12 7] 7[2 6 12 13 8] 8[2 7 13 11 9 3] 9[3 8 11 6 10] 10[3 9 6 5 4] 11[6 9 8 13 12] 12[6 11 13 7] 13[7 12 11 8]
 126: 1[2 3 4 5 6] 2[1 6 7 8 9 3] 3[1 2 9 10 11 4] 4[1 3 11 12 8 5] 5[1 4 8 7 6] 6[1 5 7 2] 7[2 6 5 8] 8[2 7 5 4 12 9] 9[2 8 12 13 10 3] 10[3 9 13 11] 11[3 10 13 12 4] 12[4 11 13 9 8] 13[9 12 11 10]
 127: 1[2 3 4 5 6] 2[1 6 7 8 3] 3[1 2 8 9 10 4] 4[1 3 10 11 12 5] 5[1 4 12 7 6] 6[1 5 7 2] 7[2 6 5 12 11 8] 8[2 7 11 13 9 3] 9[3 8 13 10] 10[3 9 13 11 4] 11[4 10 13 8 7 12] 12[4 11 7 5] 13[8 11 10 9]
 128: 1[2 3 4 5 6 7] 2[1 7 8 9 3] 3[1 2 9 10 11 4] 4[1 3 11 12 8 5] 5[1 4 8 6] 6[1 5 8 7] 7[1 6 8 2] 8[2 7 6 5 4 12 9] 9[2 8 12 13 10 3] 10[3 9 13 11] 11[3 10 13 12 4] 12[4 11 13 9 8] 13[9 12 11 10]
 129: 1[2 3 4 5 6] 2[1 6 7 3] 3[1 2 7 8 4] 4[1 3 8 9 5] 5[1 4 9 10 11 6] 6[1 5 11 12 8 7 2] 7[2 6 8 3] 8[3 7 6 12 9 4] 9[4 8 12 13 10 5] 10[5 9 13 11] 11[5 10 13 12 6] 12[6 11 13 9 8] 13[9 12 11 10]
 130: 1[2 3 4 5 6] 2[1 6 7 8 9 3] 3[1 2 9 4] 4[1 3 9 5] 5[1 4 9 10 11 6] 6[1 5 11 12 7 2] 7[2 6 12 13 8] 8[2 7 13 11 10 9] 9[2 8 10 5 4 3] 10[5 9 8 11] 11[5 10 8 13 12 6] 12[6 11 13 7] 13[7 12 11 8]
 131: 1[2 3 4 5 6] 2[1 6 7 8 3] 3[1 2 8 9 10 4] 4[1 3 10 5] 5[1 4 10 11 6] 6[1 5 11 12 7 2] 7[2 6 12 13 8] 8[2 7 13 9 3] 9[3 8 13 11 10] 10[3 9 11 5 4] 11[5 10 9 13 12 6] 12[6 11 13 7] 13[7 12 11 9 8]
 132: 1[2 3 4 5 6] 2[1 6 7 8 9 10 3] 3[1 2 10 4] 4[1 3 10 11 5] 5[1 4 11 12 13 6] 6[1 5 13 7 2] 7[2 6 13 8] 8[2 7 13 12 9] 9[2 8 12 11 10] 10[2 9 11 4 3] 11[4 10 9 12 5] 12[5 11 9 8 13] 13[5 12 8 7 6]
 133: 1[2 3 4 5 6] 2[1 6 7 8 9 10 11 3] 3[1 2 11 4] 4[1 3 11 12 5] 5[1 4 12 13 7 6] 6[1 5 7 2] 7[2 6 5 13 8] 8[2 7 13 9] 9[2 8 13 10] 10[2 9 13 12 11] 11[2 10 12 4 3] 12[4 11 10 13 5] 13[5 12 10 9 8 7]
 134: 1[2 3 4 5] 2[1 5 6 7 8 9 10 3] 3[1 2 10 4] 4[1 3 10 11 5] 5[1 4 11 12 6 2] 6[2 5 12 13 7] 7[2 6 13 8] 8[2 7 13 9] 9[2 8 13 11 10] 10[2 9 11 4 3] 11[4 10 9 13 12 5] 12[5 11 13 6] 13[6 12 11 9 8 7]
 135: 1[2 3 4 5] 2[1 5 6 7 8 9 10 11 3] 3[1 2 11 4] 4[1 3 11 12 5] 5[1 4 12 13 6 2] 6[2 5 13 7] 7[2 6 13 8] 8[2 7 13 9] 9[2 8 13 10] 10[2 9 13 12 11] 11[2 10 12 4 3] 12[4 11 10 13 5] 13[5 12 10 9 8 7 6]
 136: 1[2 3 4 5] 2[1 5 6 7 8 9 10 3] 3[1 2 10 4] 4[1 3 10 11 5] 5[1 4 11 12 6 2] 6[2 5 12 7] 7[2 6 12 8] 8[2 7 12 13 9] 9[2 8 13 10] 10[2 9 13 11 4 3] 11[4 10 13 12 5] 12[5 11 13 8 7 6] 13[8 12 11 10 9]
 137: 1[2 3 4 5] 2[1 5 6 7 8 9 10 3] 3[1 2 10 11 4] 4[1 3 11 12 5] 5[1 4 12 13 6 2] 6[2 5 13 7] 7[2 6 13 8] 8[2 7 13 9] 9[2 8 13 12 11 10] 10[2 9 11 3] 11[3 10 9 12 4] 12[4 11 9 13 5] 13[5 12 9 8 7 6]
 138: 1[2 3 4 5 6] 2[1 6 7 8 9 10 11 3] 3[1 2 11 4] 4[1 3 11 5] 5[1 4 11 12 6] 6[1 5 12 13 7 2] 7[2 6 13 8] 8[2 7 13 9] 9[2 8 13 10] 10[2 9 13 12 11] 11[2 10 12 5 4 3] 12[5 11 10 13 6] 13[6 12 10 9 8 7]
 139: 1[2 3 4 5] 2[1 5 6 7 3] 3[1 2 7 8 4] 4[1 3 8 9 10 6 5] 5[1 4 6 2] 6[2 5 4 10 11 12 13 7] 7[2 6 13 8 3] 8[3 7 13 9 4] 9[4 8 13 12 11 10] 10[4 9 11 6] 11[6 10 9 12] 12[6 11 9 13] 13[6 12 9 8 7]
 140: 1[2 3 4 5] 2[1 5 6 3] 3[1 2 6 7 4] 4[1 3 7 8 9 5] 5[1 4 9 10 11 12 6 2] 6[2 5 12 7 3] 7[3 6 12 8 4] 8[4 7 12 11 13 9] 9[4 8 13 10 5] 10[5 9 13 11] 11[5 10 13 8 12] 12[5 11 8 7 6] 13[8 11 10 9]
 141: 1[2 3 4 5] 2[1 5 6 3] 3[1 2 6 7 8 4] 4[1 3 8 5] 5[1 4 8 9 10 11 12 6 2] 6[2 5 12 7 3] 7[3 6 12 13 8] 8[3 7 13 9 5 4] 9[5 8 13 10] 10[5 9 13 11] 11[5 10 13 12] 12[5 11 13 7 6] 13[7 12 11 10 9 8]
 142: 1[2 3 4 5] 2[1 5 6 7 8 9 3] 3[1 2 9 10 11 12 4] 4[1 3 12 5] 5[1 4 12 6 2] 6[2 5 12 11 7] 7[2 6 11 13 8] 8[2 7 13 9] 9[2 8 13 10 3] 10[3 9 13 11] 11[3 10 13 7 6 12] 12[3 11 6 5 4] 13[7 11 10 9 8]
 143: 1[2 3 4 5 6] 2[1 6 7 8 9 10 3] 3[1 2 10 4] 4[1 3 10 11 12 13 5] 5[1 4 13 6] 6[1 5 13 7 2] 7[2 6 13 12 8] 8[2 7 12 11 9] 9[2 8 11 10] 10[2 9 11 4 3] 11[4 10 9 8 12] 12[4 11 8 7 13] 13[4 12 7 6 5]
 144: 1[2 3 4 5] 2[1 5 6 7 8 9 10 3] 3[1 2 10 4] 4[1 3 10 11 5] 5[1 4 11 12 13 6 2] 6[2 5 13 7] 7[2 6 13 8] 8[2 7 13 12 9] 9[2 8 12 11 10] 10[2 9 11 4 3] 11[4 10 9 12 5] 12[5 11 9 8 13] 13[5 12 8 7 6]
 145: 1[2 3 4 5] 2[1 5 6 7 8 9 3] 3[1 2 9 4] 4[1 3 9 10 5] 5[1 4 10 11 12 6 2] 6[2 5 12 7] 7[2 6 12 11 13 8] 8[2 7 13 9] 9[2 8 13 10 4 3] 10[4 9 13 11 5] 11[5 10 13 7 12] 12[5 11 7 6] 13[7 11 10 9 8]
 146: 1[2 3 4 5] 2[1 5 6 7 8 9 3] 3[1 2 9 10 4] 4[1 3 10 11 5] 5[1 4 11 12 6 2] 6[2 5 12 7] 7[2 6 12 13 8] 8[2 7 13 10 9] 9[2 8 10 3] 10[3 9 8 13 11 4] 11[4 10 13 12 5] 12[5 11 13 7 6] 13[7 12 11 10 8]
 147: 1[2 3 4 5] 2[1 5 6 7 8 9 3] 3[1 2 9 4] 4[1 3 9 10 5] 5[1 4 10 11 6 2] 6[2 5 11 12 7] 7[2 6 12 8] 8[2 7 12 13 9] 9[2 8 13 10 4 3] 10[4 9 13 11 5] 11[5 10 13 12 6] 12[6 11 13 8 7] 13[8 12 11 10 9]
 148: 1[2 3 4 5 6] 2[1 6 7 3] 3[1 2 7 8 4] 4[1 3 8 5] 5[1 4 8 9 6] 6[1 5 9 10 11 7 2] 7[2 6 11 12 13 8 3] 8[3 7 13 9 5 4] 9[5 8 13 10 6] 10[6 9 13 12 11] 11[6 10 12 7] 12[7 11 10 13] 13[7 12 10 9 8]
 149: 1[2 3 4 5 6] 2[1 6 7 8 3] 3[1 2 8 9 10 4] 4[1 3 10 11 12 13 5] 5[1 4 13 7 6] 6[1 5 7 2] 7[2 6 5 13 12 8] 8[2 7 12 9 3] 9[3 8 12 11 10] 10[3 9 11 4] 11[4 10 9 12] 12[4 11 9 8 7 13] 13[4 12 7 5]
 150: 1[2 3 4 5 6 7] 2[1 7 8 9 3] 3[1 2 9 10 11 4] 4[1 3 11 12 13 8 5] 5[1 4 8 6] 6[1 5 8 7] 7[1 6 8 2] 8[2 7 6 5 4 13 9] 9[2 8 13 10 3] 10[3 9 13 12 11] 11[3 10 12 4] 12[4 11 10 13] 13[4 12 10 9 8]
 151: 1[2 3 4 5 6] 2[1 6 7 3] 3[1 2 7 8 4] 4[1 3 8 9 5] 5[1 4 9 10 11 6] 6[1 5 11 12 13 8 7 2] 7[2 6 8 3] 8[3 7 6 13 9 4] 9[4 8 13 10 5] 10[5 9 13 12 11] 11[5 10 12 6] 12[6 11 10 13] 13[6 12 10 9 8]
 152: 1[2 3 4 5 6 7] 2[1 7 8 3] 3[1 2 8 4] 4[1 3 8 9 5] 5[1 4 9 10 11 6] 6[1 5 11 7] 7[1 6 11 12 13 8 2] 8[2 7 13 9 4 3] 9[4 8 13 10 5] 10[5 9 13 12 11] 11[5 10 12 7 6] 12[7 11 10 13] 13[7 12 10 9 8]
 153: 1[2 3 4 5 6] 2[1 6 7 8 9 10 3] 3[1 2 10 4] 4[1 3 10 5] 5[1 4 10 11 6] 6[1 5 11 12 13 7 2] 7[2 6 13 8] 8[2 7 13 12 9] 9[2 8 12 11 10] 10[2 9 11 5 4 3] 11[5 10 9 12 6] 12[6 11 9 8 13] 13[6 12 8 7]
 154: 1[2 3 4 5 6] 2[1 6 7 8 9 10 3] 3[1 2 10 4] 4[1 3 10 5] 5[1 4 10 11 6] 6[1 5 11 12 7 2] 7[2 6 12 13 8] 8[2 7 13 9] 9[2 8 13 12 11 10] 10[2 9 11 5 4 3] 11[5 10 9 12 6] 12[6 11 9 13 7] 13[7 12 9 8]
 155: 1[2 3 4 5] 2[1 5 6 7 3] 3[1 2 7 8 9 4] 4[1 3 9 5] 5[1 4 9 10 6 2] 6[2 5 10 11 12 7] 7[2 6 12 13 8 3] 8[3 7 13 11 10 9] 9[3 8 10 5 4] 10[5 9 8 11 6] 11[6 10 8 13 12] 12[6 11 13 7] 13[7 12 11 8]
 156: 1[2 3 4 5] 2[1 5 6 7 3] 3[1 2 7 8 9 4] 4[1 3 9 5] 5[1 4 9 10 6 2] 6[2 5 10 11 12 13 7] 7[2 6 13 8 3] 8[3 7 13 12 11 10 9] 9[3 8 10 5 4] 10[5 9 8 11 6] 11[6 10 8 12] 12[6 11 8 13] 13[6 12 8 7]
 157: 1[2 3 4 5] 2[1 5 6 7 3] 3[1 2 7 8 9 4] 4[1 3 9 5] 5[1 4 9 10 6 2] 6[2 5 10 11 12 7] 7[2 6 12 13 8 3] 8[3 7 13 9] 9[3 8 13 10 5 4] 10[5 9 13 11 6] 11[6 10 13 12] 12[6 11 13 7] 13[7 12 11 10 9 8]
 158: 1[2 3 4 5 6] 2[1 6 7 8 9 3] 3[1 2 9 4] 4[1 3 9 10 5] 5[1 4 10 6] 6[1 5 10 11 7 2] 7[2 6 11 12 8] 8[2 7 12 13 9] 9[2 8 13 10 4 3] 10[4 9 13 11 6 5] 11[6 10 13 12 7] 12[7 11 13 8] 13[8 12 11 10 9]
 159: 1[2 3 4 5 6] 2[1 6 7 8 9 10 3] 3[1 2 10 11 4] 4[1 3 11 12 8 5] 5[1 4 8 7 6] 6[1 5 7 2] 7[2 6 5 8] 8[2 7 5 4 12 9] 9[2 8 12 13 10] 10[2 9 13 11 3] 11[3 10 13 12 4] 12[4 11 13 9 8] 13[9 12 11 10]
 160: 1[2 3 4 5 6] 2[1 6 7 8 9 3] 3[1 2 9 10 4] 4[1 3 10 11 12 5] 5[1 4 12 7 6] 6[1 5 7 2] 7[2 6 5 12 11 8] 8[2 7 11 13 9] 9[2 8 13 10 3] 10[3 9 13 11 4] 11[4 10 13 8 7 12] 12[4 11 7 5] 13[8 11 10 9]
 161: 1[2 3 4 5 6 7] 2[1 7 8 9 10 3] 3[1 2 10 11 4] 4[1 3 11 12 8 5] 5[1 4 8 6] 6[1 5 8 7] 7[1 6 8 2] 8[2 7 6 5 4 12 9] 9[2 8 12 13 10] 10[2 9 13 11 3] 11[3 10 13 12 4] 12[4 11 13 9 8] 13[9 12 11 10]
 162: 1[2 3 4 5 6] 2[1 6 7 8 9 3] 3[1 2 9 4] 4[1 3 9 10 11 5] 5[1 4 11 6] 6[1 5 11 12 7 2] 7[2 6 12 8] 8[2 7 12 13 9] 9[2 8 13 10 4 3] 10[4 9 13 11] 11[4 10 13 12 6 5] 12[6 11 13 8 7] 13[8 12 11 10 9]
 163: 1[2 3 4 5] 2[1 5 6 7 8 3] 3[1 2 8 4] 4[1 3 8 9 10 5] 5[1 4 10 6 2] 6[2 5 10 11 7] 7[2 6 11 12 13 8] 8[2 7 13 9 4 3] 9[4 8 13 12 11 10] 10[4 9 11 6 5] 11[6 10 9 12 7] 12[7 11 9 13] 13[7 12 9 8]
 164: 1[2 3 4 5] 2[1 5 6 7 8 3] 3[1 2 8 9 4] 4[1 3 9 10 11 5] 5[1 4 11 6 2] 6[2 5 11 12 7] 7[2 6 12 13 9 8] 8[2 7 9 3] 9[3 8 7 13 10 4] 10[4 9 13 12 11] 11[4 10 12 6 5] 12[6 11 10 13 7] 13[7 12 10 9]
 165: 1[2 3 4 5] 2[1 5 6 7 8 3] 3[1 2 8 9 4] 4[1 3 9 10 11 5] 5[1 4 11 12 6 2] 6[2 5 12 7] 7[2 6 12 13 8] 8[2 7 13 9 3] 9[3 8 13 10 4] 10[4 9 13 12 11] 11[4 10 12 5] 12[5 11 10 13 7 6] 13[7 12 10 9 8]
 166: 1[2 3 4 5] 2[1 5 6 7 3] 3[1 2 7 8 9 4] 4[1 3 9 10 11 5] 5[1 4 11 12 6 2] 6[2 5 12 7] 7[2 6 12 13 8 3] 8[3 7 13 10 9] 9[3 8 10 4] 10[4 9 8 13 12 11] 11[4 10 12 5] 12[5 11 10 13 7 6] 13[7 12 10 8]
 167: 1[2 3 4 5] 2[1 5 6 3] 3[1 2 6 7 8 4] 4[1 3 8 9 10 5] 5[1 4 10 11 6 2] 6[2 5 11 12 7 3] 7[3 6 12 13 8] 8[3 7 13 9 4] 9[4 8 13 10] 10[4 9 13 11 5] 11[5 10 13 12 6] 12[6 11 13 7] 13[7 12 11 10 9 8]
 168: 1[2 3 4 5] 2[1 5 6 7 8 3] 3[1 2 8 9 10 4] 4[1 3 10 11 6 5] 5[1 4 6 2] 6[2 5 4 11 7] 7[2 6 11 12 13 8] 8[2 7 13 9 3] 9[3 8 13 10] 10[3 9 13 12 11 4] 11[4 10 12 7 6] 12[7 11 10 13] 13[7 12 10 9 8]
 169: 1[2 3 4 5] 2[1 5 6 7 8 3] 3[1 2 8 9 10 4] 4[1 3 10 11 6 5] 5[1 4 6 2] 6[2 5 4 11 12 7] 7[2 6 12 10 13 8] 8[2 7 13 9 3] 9[3 8 13 10] 10[3 9 13 7 12 11 4] 11[4 10 12 6] 12[6 11 10 7] 13[7 10 9 8]
 170: 1[2 3 4 5] 2[1 5 6 7 8 3] 3[1 2 8 9 10 4] 4[1 3 10 11 6 5] 5[1 4 6 2] 6[2 5 4 11 12 7] 7[2 6 12 8] 8[2 7 12 13 9 3] 9[3 8 13 10] 10[3 9 13 12 11 4] 11[4 10 12 6] 12[6 11 10 13 8 7] 13[8 12 10 9]
 171: 1[2 3 4 5 6] 2[1 6 7 8 9 3] 3[1 2 9 4] 4[1 3 9 10 11 5] 5[1 4 11 12 7 6] 6[1 5 7 2] 7[2 6 5 12 8] 8[2 7 12 11 13 9] 9[2 8 13 10 4 3] 10[4 9 13 11] 11[4 10 13 8 12 5] 12[5 11 8 7] 13[8 11 10 9]
 172: 1[2 3 4 5] 2[1 5 6 7 8 9 3] 3[1 2 9 4] 4[1 3 9 8 10 11 5] 5[1 4 11 12 6 2] 6[2 5 12 13 10 7] 7[2 6 10 8] 8[2 7 10 4 9] 9[2 8 4 3] 10[4 8 7 6 13 11] 11[4 10 13 12 5] 12[5 11 13 6] 13[6 12 11 10]
 173: 1[2 3 4 5] 2[1 5 6 7 8 9 10 3] 3[1 2 10 4] 4[1 3 10 9 8 7 11 5] 5[1 4 11 12 6 2] 6[2 5 12 13 7] 7[2 6 13 11 4 8] 8[2 7 4 9] 9[2 8 4 10] 10[2 9 4 3] 11[4 7 13 12 5] 12[5 11 13 6] 13[6 12 11 7]
 174: 1[2 3 4 5] 2[1 5 6 7 8 9 3] 3[1 2 9 4] 4[1 3 9 10 7 11 5] 5[1 4 11 12 6 2] 6[2 5 12 13 7] 7[2 6 13 11 4 10 8] 8[2 7 10 9] 9[2 8 10 4 3] 10[4 9 8 7] 11[4 7 13 12 5] 12[5 11 13 6] 13[6 12 11 7]
 175: 1[2 3 4 5] 2[1 5 6 7 8 3] 3[1 2 8 9 10 4] 4[1 3 10 7 6 5] 5[1 4 6 2] 6[2 5 4 7] 7[2 6 4 10 11 8] 8[2 7 11 12 13 9 3] 9[3 8 13 10] 10[3 9 13 12 11 7 4] 11[7 10 12 8] 12[8 11 10 13] 13[8 12 10 9]
 176: 1[2 3 4 5 6 7] 2[1 7 8 9 10 3] 3[1 2 10 11 12 4] 4[1 3 12 9 8 5] 5[1 4 8 6] 6[1 5 8 7] 7[1 6 8 2] 8[2 7 6 5 4 9] 9[2 8 4 12 13 10] 10[2 9 13 11 3] 11[3 10 13 12] 12[3 11 13 9 4] 13[9 12 11 10]
 177: 1[2 3 4 5] 2[1 5 6 7 8 9 3] 3[1 2 9 4] 4[1 3 9 10 11 12 5] 5[1 4 12 13 6 2] 6[2 5 13 7] 7[2 6 13 11 10 8] 8[2 7 10 9] 9[2 8 10 4 3] 10[4 9 8 7 11] 11[4 10 7 13 12] 12[4 11 13 5] 13[5 12 11 7 6]
 178: 1[2 3 4 5] 2[1 5 6 7 8 9 3] 3[1 2 9 4] 4[1 3 9 10 11 6 5] 5[1 4 6 2] 6[2 5 4 11 12 7] 7[2 6 12 8] 8[2 7 12 13 10 9] 9[2 8 10 4 3] 10[4 9 8 13 11] 11[4 10 13 12 6] 12[6 11 13 8 7] 13[8 12 11 10]
 179: 1[2 3 4 5] 2[1 5 6 7 8 9 3] 3[1 2 9 10 4] 4[1 3 10 11 12 6 5] 5[1 4 6 2] 6[2 5 4 12 7] 7[2 6 12 13 8] 8[2 7 13 11 10 9] 9[2 8 10 3] 10[3 9 8 11 4] 11[4 10 8 13 12] 12[4 11 13 7 6] 13[7 12 11 8]
 180: 1[2 3 4 5] 2[1 5 6 7 3] 3[1 2 7 8 9 10 4] 4[1 3 10 6 5] 5[1 4 6 2] 6[2 5 4 10 11 12 7] 7[2 6 12 8 3] 8[3 7 12 13 9] 9[3 8 13 11 10] 10[3 9 11 6 4] 11[6 10 9 13 12] 12[6 11 13 8 7] 13[8 12 11 9]
 181: 1[2 3 4 5] 2[1 5 6 3] 3[1 2 6 7 8 9 4] 4[1 3 9 5] 5[1 4 9 10 11 6 2] 6[2 5 11 12 7 3] 7[3 6 12 13 8] 8[3 7 13 9] 9[3 8 13 10 5 4] 10[5 9 13 12 11] 11[5 10 12 6] 12[6 11 10 13 7] 13[7 12 10 9 8]
 182: 1[2 3 4 5] 2[1 5 6 3] 3[1 2 6 7 8 9 4] 4[1 3 9 5] 5[1 4 9 10 11 6 2] 6[2 5 11 12 7 3] 7[3 6 12 13 8] 8[3 7 13 10 9] 9[3 8 10 5 4] 10[5 9 8 13 11] 11[5 10 13 12 6] 12[6 11 13 7] 13[7 12 11 10 8]
 183: 1[2 3 4 5] 2[1 5 6 7 3] 3[1 2 7 8 9 10 4] 4[1 3 10 5] 5[1 4 10 11 12 6 2] 6[2 5 12 13 8 7] 7[2 6 8 3] 8[3 7 6 13 9] 9[3 8 13 11 10] 10[3 9 11 5 4] 11[5 10 9 13 12] 12[5 11 13 6] 13[6 12 11 9 8]
 184: 1[2 3 4 5] 2[1 5 6 3] 3[1 2 6 7 8 9 4] 4[1 3 9 10 5] 5[1 4 10 11 12 6 2] 6[2 5 12 13 7 3] 7[3 6 13 11 8] 8[3 7 11 10 9] 9[3 8 10 4] 10[4 9 8 11 5] 11[5 10 8 7 13 12] 12[5 11 13 6] 13[6 12 11 7]
 185: 1[2 3 4 5] 2[1 5 6 3] 3[1 2 6 7 8 9 4] 4[1 3 9 5] 5[1 4 9 10 11 6 2] 6[2 5 11 12 13 7 3] 7[3 6 13 8] 8[3 7 13 10 9] 9[3 8 10 5 4] 10[5 9 8 13 12 11] 11[5 10 12 6] 12[6 11 10 13] 13[6 12 10 8 7]
 186: 1[2 3 4 5] 2[1 5 6 3] 3[1 2 6 7 8 9 4] 4[1 3 9 5] 5[1 4 9 10 11 6 2] 6[2 5 11 12 7 3] 7[3 6 12 10 13 8] 8[3 7 13 9] 9[3 8 13 10 5 4] 10[5 9 13 7 12 11] 11[5 10 12 6] 12[6 11 10 7] 13[7 10 9 8]
 187: 1[2 3 4 5] 2[1 5 6 7 3] 3[1 2 7 8 9 10 4] 4[1 3 10 5] 5[1 4 10 11 12 6 2] 6[2 5 12 7] 7[2 6 12 13 8 3] 8[3 7 13 11 9] 9[3 8 11 10] 10[3 9 11 5 4] 11[5 10 9 8 13 12] 12[5 11 13 7 6] 13[7 12 11 8]
 188: 1[2 3 4 5] 2[1 5 6 3] 3[1 2 6 7 8 9 4] 4[1 3 9 5] 5[1 4 9 10 11 6 2] 6[2 5 11 12 7 3] 7[3 6 12 13 8] 8[3 7 13 9] 9[3 8 13 10 5 4] 10[5 9 13 11] 11[5 10 13 12 6] 12[6 11 13 7] 13[7 12 11 10 9 8]
 189: 1[2 3 4 5] 2[1 5 6 7 3] 3[1 2 7 8 9 10 4] 4[1 3 10 5] 5[1 4 10 11 12 6 2] 6[2 5 12 13 8 7] 7[2 6 8 3] 8[3 7 6 13 11 9] 9[3 8 11 10] 10[3 9 11 5 4] 11[5 10 9 8 13 12] 12[5 11 13 6] 13[6 12 11 8]
 190: 1[2 3 4 5] 2[1 5 6 3] 3[1 2 6 7 8 9 4] 4[1 3 9 5] 5[1 4 9 10 11 6 2] 6[2 5 11 12 13 7 3] 7[3 6 13 10 8] 8[3 7 10 9] 9[3 8 10 5 4] 10[5 9 8 7 13 12 11] 11[5 10 12 6] 12[6 11 10 13] 13[6 12 10 7]
 191: 1[2 3 4 5] 2[1 5 6 7 8 9 3] 3[1 2 9 4] 4[1 3 9 10 11 12 5] 5[1 4 12 6 2] 6[2 5 12 13 7] 7[2 6 13 8] 8[2 7 13 10 9] 9[2 8 10 4 3] 10[4 9 8 13 11] 11[4 10 13 12] 12[4 11 13 6 5] 13[6 12 11 10 8 7]
 192: 1[2 3 4 5] 2[1 5 6 7 8 9 3] 3[1 2 9 4] 4[1 3 9 10 11 12 5] 5[1 4 12 13 6 2] 6[2 5 13 11 7] 7[2 6 11 8] 8[2 7 11 10 9] 9[2 8 10 4 3] 10[4 9 8 11] 11[4 10 8 7 6 13 12] 12[4 11 13 5] 13[5 12 11 6]
 193: 1[2 3 4 5] 2[1 5 6 7 8 9 3] 3[1 2 9 4] 4[1 3 9 10 7 11 5] 5[1 4 11 12 13 6 2] 6[2 5 13 7] 7[2 6 13 12 11 4 10 8] 8[2 7 10 9] 9[2 8 10 4 3] 10[4 9 8 7] 11[4 7 12 5] 12[5 11 7 13] 13[5 12 7 6]
 194: 1[2 3 4 5] 2[1 5 6 7 8 9 3] 3[1 2 9 4] 4[1 3 9 10 7 11 5] 5[1 4 11 12 6 2] 6[2 5 12 7] 7[2 6 12 11 4 10 13 8] 8[2 7 13 9] 9[2 8 13 10 4 3] 10[4 9 13 7] 11[4 7 12 5] 12[5 11 7 6] 13[7 10 9 8]
 195: 1[2 3 4 5] 2[1 5 6 7 8 9 10 3] 3[1 2 10 4] 4[1 3 10 11 12 13 6 5] 5[1 4 6 2] 6[2 5 4 13 7] 7[2 6 13 12 8] 8[2 7 12 11 9] 9[2 8 11 10] 10[2 9 11 4 3] 11[4 10 9 8 12] 12[4 11 8 7 13] 13[4 12 7 6]
 196: 1[2 3 4 5] 2[1 5 6 7 8 9 10 3] 3[1 2 10 4] 4[1 3 10 9 11 12 6 5] 5[1 4 6 2] 6[2 5 4 12 7] 7[2 6 12 13 8] 8[2 7 13 11 9] 9[2 8 11 4 10] 10[2 9 4 3] 11[4 9 8 13 12] 12[4 11 13 7 6] 13[7 12 11 8]
 197: 1[2 3 4 5] 2[1 5 6 7 8 9 10 3] 3[1 2 10 4] 4[1 3 10 9 11 12 6 5] 5[1 4 6 2] 6[2 5 4 12 13 7] 7[2 6 13 8] 8[2 7 13 11 9] 9[2 8 11 4 10] 10[2 9 4 3] 11[4 9 8 13 12] 12[4 11 13 6] 13[6 12 11 8 7]
 198: 1[2 3 4 5] 2[1 5 6 7 8 9 10 3] 3[1 2 10 4] 4[1 3 10 9 11 12 6 5] 5[1 4 6 2] 6[2 5 4 12 13 7] 7[2 6 13 11 8] 8[2 7 11 9] 9[2 8 11 4 10] 10[2 9 4 3] 11[4 9 8 7 13 12] 12[4 11 13 6] 13[6 12 11 7]
 199: 1[2 3 4 5] 2[1 5 6 7 8 9 10 3] 3[1 2 10 4] 4[1 3 10 9 8 11 6 5] 5[1 4 6 2] 6[2 5 4 11 12 13 7] 7[2 6 13 8] 8[2 7 13 12 11 4 9] 9[2 8 4 10] 10[2 9 4 3] 11[4 8 12 6] 12[6 11 8 13] 13[6 12 8 7]
 200: 1[2 3 4 5] 2[1 5 6 7 8 9 10 3] 3[1 2 10 4] 4[1 3 10 11 12 13 6 5] 5[1 4 6 2] 6[2 5 4 13 7] 7[2 6 13 12 8] 8[2 7 12 9] 9[2 8 12 11 10] 10[2 9 11 4 3] 11[4 10 9 12] 12[4 11 9 8 7 13] 13[4 12 7 6]
 201: 1[2 3 4 5] 2[1 5 6 7 8 9 10 3] 3[1 2 10 4] 4[1 3 10 11 8 12 6 5] 5[1 4 6 2] 6[2 5 4 12 13 7] 7[2 6 13 8] 8[2 7 13 12 4 11 9] 9[2 8 11 10] 10[2 9 11 4 3] 11[4 10 9 8] 12[4 8 13 6] 13[6 12 8 7]
 202: 1[2 3 4 5] 2[1 5 6 7 3] 3[1 2 7 8 9 10 11 4] 4[1 3 11 12 5] 5[1 4 12 6 2] 6[2 5 12 7] 7[2 6 12 13 8 3] 8[3 7 13 9] 9[3 8 13 12 10] 10[3 9 12 11] 11[3 10 12 4] 12[4 11 10 9 13 7 6 5] 13[7 12 9 8]
 203: 1[2 3 4 5] 2[1 5 6 7 8 3] 3[1 2 8 9 10 11 12 4] 4[1 3 12 7 6 5] 5[1 4 6 2] 6[2 5 4 7] 7[2 6 4 12 11 10 13 8] 8[2 7 13 9 3] 9[3 8 13 10] 10[3 9 13 7 11] 11[3 10 7 12] 12[3 11 7 4] 13[7 10 9 8]
 204: 1[2 3 4 5] 2[1 5 6 7 3] 3[1 2 7 8 9 10 11 4] 4[1 3 11 12 6 5] 5[1 4 6 2] 6[2 5 4 12 10 9 13 7] 7[2 6 13 8 3] 8[3 7 13 9] 9[3 8 13 6 10] 10[3 9 6 12 11] 11[3 10 12 4] 12[4 11 10 6] 13[6 9 8 7]
 205: 1[2 3 4 5] 2[1 5 6 7 8 9 10 11 3] 3[1 2 11 4] 4[1 3 11 12 13 8 7 6 5] 5[1 4 6 2] 6[2 5 4 7] 7[2 6 4 8] 8[2 7 4 13 9] 9[2 8 13 12 10] 10[2 9 12 11] 11[2 10 12 4 3] 12[4 11 10 9 13] 13[4 12 9 8]
 206: 1[2 3 4 5] 2[1 5 6 7 8 9 10 11 3] 3[1 2 11 4] 4[1 3 11 12 9 8 7 6 5] 5[1 4 6 2] 6[2 5 4 7] 7[2 6 4 8] 8[2 7 4 9] 9[2 8 4 12 13 10] 10[2 9 13 11] 11[2 10 13 12 4 3] 12[4 11 13 9] 13[9 12 11 10]
 207: 1[2 3 4 5] 2[1 5 6 7 8 9 10 11 3] 3[1 2 11 4] 4[1 3 11 12 9 8 13 6 5] 5[1 4 6 2] 6[2 5 4 13 7] 7[2 6 13 8] 8[2 7 13 4 9] 9[2 8 4 12 10] 10[2 9 12 11] 11[2 10 12 4 3] 12[4 11 10 9] 13[4 8 7 6]
 208: 1[2 3 4 5] 2[1 5 6 7 8 9 10 11 3] 3[1 2 11 4] 4[1 3 11 12 9 13 7 6 5] 5[1 4 6 2] 6[2 5 4 7] 7[2 6 4 13 8] 8[2 7 13 9] 9[2 8 13 4 12 10] 10[2 9 12 11] 11[2 10 12 4 3] 12[4 11 10 9] 13[4 9 8 7]
 209: 1[2 3 4 5] 2[1 5 6 7 8 9 10 11 12 3] 3[1 2 12 4] 4[1 3 12 13 10 9 8 7 6 5] 5[1 4 6 2] 6[2 5 4 7] 7[2 6 4 8] 8[2 7 4 9] 9[2 8 4 10] 10[2 9 4 13 11] 11[2 10 13 12] 12[2 11 13 4 3] 13[4 12 11 10]
 210: 1[2 3 4 5] 2[1 5 6 7 8 9 10 11 12 13 3] 3[1 2 13 4] 4[1 3 13 12 11 10 9 8 7 6 5] 5[1 4 6 2] 6[2 5 4 7] 7[2 6 4 8] 8[2 7 4 9] 9[2 8 4 10] 10[2 9 4 11] 11[2 10 4 12] 12[2 11 4 13] 13[2 12 4 3]
 211: 1[2 3 4 5] 2[1 5 6 7 8 3] 3[1 2 8 9 4] 4[1 3 9 5] 5[1 4 9 10 11 6 2] 6[2 5 11 7] 7[2 6 11 12 8] 8[2 7 12 13 9 3] 9[3 8 13 10 5 4] 10[5 9 13 12 11] 11[5 10 12 7 6] 12[7 11 10 13 8] 13[8 12 10 9]
 212: 1[2 3 4 5] 2[1 5 6 7 3] 3[1 2 7 8 4] 4[1 3 8 5] 5[1 4 8 9 10 6 2] 6[2 5 10 11 7] 7[2 6 11 12 8 3] 8[3 7 12 13 9 5 4] 9[5 8 13 10] 10[5 9 13 11 6] 11[6 10 13 12 7] 12[7 11 13 8] 13[8 12 11 10 9]
 213: 1[2 3 4 5] 2[1 5 6 7 3] 3[1 2 7 8 4] 4[1 3 8 5] 5[1 4 8 9 10 6 2] 6[2 5 10 11 12 7] 7[2 6 12 13 8 3] 8[3 7 13 9 5 4] 9[5 8 13 12 11 10] 10[5 9 11 6] 11[6 10 9 12] 12[6 11 9 13 7] 13[7 12 9 8]
 214: 1[2 3 4 5] 2[1 5 6 7 3] 3[1 2 7 8 4] 4[1 3 8 9 5] 5[1 4 9 10 11 6 2] 6[2 5 11 12 7] 7[2 6 12 13 8 3] 8[3 7 13 10 9 4] 9[4 8 10 5] 10[5 9 8 13 12 11] 11[5 10 12 6] 12[6 11 10 13 7] 13[7 12 10 8]
 215: 1[2 3 4 5 6] 2[1 6 7 8 9 3] 3[1 2 9 10 4] 4[1 3 10 5] 5[1 4 10 11 12 7 6] 6[1 5 7 2] 7[2 6 5 12 8] 8[2 7 12 9] 9[2 8 12 13 10 3] 10[3 9 13 11 5 4] 11[5 10 13 12] 12[5 11 13 9 8 7] 13[9 12 11 10]
 216: 1[2 3 4 5] 2[1 5 6 7 8 3] 3[1 2 8 9 4] 4[1 3 9 5] 5[1 4 9 10 11 6 2] 6[2 5 11 12 7] 7[2 6 12 8] 8[2 7 12 13 9 3] 9[3 8 13 10 5 4] 10[5 9 13 12 11] 11[5 10 12 6] 12[6 11 10 13 8 7] 13[8 12 10 9]
 217: 1[2 3 4 5] 2[1 5 6 7 8 9 3] 3[1 2 9 10 4] 4[1 3 10 5] 5[1 4 10 11 12 6 2] 6[2 5 12 7] 7[2 6 12 8] 8[2 7 12 9] 9[2 8 12 13 10 3] 10[3 9 13 11 5 4] 11[5 10 13 12] 12[5 11 13 9 8 7 6] 13[9 12 11 10]
 218: 1[2 3 4 5] 2[1 5 6 7 3] 3[1 2 7 8 4] 4[1 3 8 9 5] 5[1 4 9 6 2] 6[2 5 9 10 11 12 7] 7[2 6 12 13 8 3] 8[3 7 13 11 10 9 4] 9[4 8 10 6 5] 10[6 9 8 11] 11[6 10 8 13 12] 12[6 11 13 7] 13[7 12 11 8]
 219: 1[2 3 4 5] 2[1 5 6 7 8 3] 3[1 2 8 9 4] 4[1 3 9 10 5] 5[1 4 10 6 2] 6[2 5 10 9 11 12 7] 7[2 6 12 8] 8[2 7 12 13 9 3] 9[3 8 13 11 6 10 4] 10[4 9 6 5] 11[6 9 13 12] 12[6 11 13 8 7] 13[8 12 11 9]
 220: 1[2 3 4 5] 2[1 5 6 7 8 3] 3[1 2 8 9 10 4] 4[1 3 10 5] 5[1 4 10 6 2] 6[2 5 10 9 11 12 7] 7[2 6 12 8] 8[2 7 12 13 9 3] 9[3 8 13 11 6 10] 10[3 9 6 5 4] 11[6 9 13 12] 12[6 11 13 8 7] 13[8 12 11 9]
 221: 1[2 3 4 5] 2[1 5 6 7 8 9 3] 3[1 2 9 10 4] 4[1 3 10 7 6 5] 5[1 4 6 2] 6[2 5 4 7] 7[2 6 4 10 11 12 8] 8[2 7 12 9] 9[2 8 12 13 10 3] 10[3 9 13 11 7 4] 11[7 10 13 12] 12[7 11 13 9 8] 13[9 12 11 10]
 222: 1[2 3 4 5 6] 2[1 6 7 8 9 3] 3[1 2 9 10 4] 4[1 3 10 7 5] 5[1 4 7 6] 6[1 5 7 2] 7[2 6 5 4 10 11 12 8] 8[2 7 12 9] 9[2 8 12 13 10 3] 10[3 9 13 11 7 4] 11[7 10 13 12] 12[7 11 13 9 8] 13[9 12 11 10]
 223: 1[2 3 4 5 6] 2[1 6 7 8 3] 3[1 2 8 9 10 4] 4[1 3 10 7 5] 5[1 4 7 6] 6[1 5 7 2] 7[2 6 5 4 10 11 12 8] 8[2 7 12 13 9 3] 9[3 8 13 10] 10[3 9 13 11 7 4] 11[7 10 13 12] 12[7 11 13 8] 13[8 12 11 10 9]
 224: 1[2 3 4 5] 2[1 5 6 7 3] 3[1 2 7 8 4] 4[1 3 8 9 6 5] 5[1 4 6 2] 6[2 5 4 9 10 11 7] 7[2 6 11 12 8 3] 8[3 7 12 13 9 4] 9[4 8 13 10 6] 10[6 9 13 11] 11[6 10 13 12 7] 12[7 11 13 8] 13[8 12 11 10 9]
 225: 1[2 3 4 5] 2[1 5 6 7 3] 3[1 2 7 8 4] 4[1 3 8 9 10 5] 5[1 4 10 6 2] 6[2 5 10 9 11 12 7] 7[2 6 12 13 8 3] 8[3 7 13 11 9 4] 9[4 8 11 6 10] 10[4 9 6 5] 11[6 9 8 13 12] 12[6 11 13 7] 13[7 12 11 8]
 226: 1[2 3 4 5] 2[1 5 6 7 3] 3[1 2 7 8 4] 4[1 3 8 9 10 6 5] 5[1 4 6 2] 6[2 5 4 10 11 12 7] 7[2 6 12 13 8 3] 8[3 7 13 11 9 4] 9[4 8 11 10] 10[4 9 11 6] 11[6 10 9 8 13 12] 12[6 11 13 7] 13[7 12 11 8]
 227: 1[2 3 4 5] 2[1 5 6 7 8 3] 3[1 2 8 9 4] 4[1 3 9 10 6 5] 5[1 4 6 2] 6[2 5 4 10 11 12 7] 7[2 6 12 8] 8[2 7 12 13 9 3] 9[3 8 13 11 10 4] 10[4 9 11 6] 11[6 10 9 13 12] 12[6 11 13 8 7] 13[8 12 11 9]
 228: 1[2 3 4 5] 2[1 5 6 7 3] 3[1 2 7 8 4] 4[1 3 8 9 6 5] 5[1 4 6 2] 6[2 5 4 9 10 11 7] 7[2 6 11 12 8 3] 8[3 7 12 13 10 9 4] 9[4 8 10 6] 10[6 9 8 13 11] 11[6 10 13 12 7] 12[7 11 13 8] 13[8 12 11 10]
 229: 1[2 3 4 5] 2[1 5 6 7 8 3] 3[1 2 8 9 4] 4[1 3 9 6 5] 5[1 4 6 2] 6[2 5 4 9 10 11 7] 7[2 6 11 8] 8[2 7 11 12 9 3] 9[3 8 12 13 10 6 4] 10[6 9 13 11] 11[6 10 13 12 8 7] 12[8 11 13 9] 13[9 12 11 10]
 230: 1[2 3 4 5] 2[1 5 6 7 3] 3[1 2 7 8 9 4] 4[1 3 9 6 5] 5[1 4 6 2] 6[2 5 4 9 10 11 7] 7[2 6 11 12 8 3] 8[3 7 12 9] 9[3 8 12 13 10 6 4] 10[6 9 13 11] 11[6 10 13 12 7] 12[7 11 13 9 8] 13[9 12 11 10]
 231: 1[2 3 4 5] 2[1 5 6 3] 3[1 2 6 7 8 9 10 4] 4[1 3 10 11 5] 5[1 4 11 12 6 2] 6[2 5 12 13 7 3] 7[3 6 13 8] 8[3 7 13 12 9] 9[3 8 12 11 10] 10[3 9 11 4] 11[4 10 9 12 5] 12[5 11 9 8 13 6] 13[6 12 8 7]
 232: 1[2 3 4 5] 2[1 5 6 3] 3[1 2 6 7 8 9 10 4] 4[1 3 10 5] 5[1 4 10 11 6 2] 6[2 5 11 12 7 3] 7[3 6 12 13 8] 8[3 7 13 9] 9[3 8 13 11 10] 10[3 9 11 5 4] 11[5 10 9 13 12 6] 12[6 11 13 7] 13[7 12 11 9 8]
 233: 1[2 3 4 5] 2[1 5 6 3] 3[1 2 6 7 8 9 10 4] 4[1 3 10 5] 5[1 4 10 11 6 2] 6[2 5 11 12 7 3] 7[3 6 12 8] 8[3 7 12 11 13 9] 9[3 8 13 10] 10[3 9 13 11 5 4] 11[5 10 13 8 12 6] 12[6 11 8 7] 13[8 11 10 9]
 234: 1[2 3 4 5] 2[1 5 6 7 3] 3[1 2 7 8 9 10 11 4] 4[1 3 11 5] 5[1 4 11 12 6 2] 6[2 5 12 13 8 7] 7[2 6 8 3] 8[3 7 6 13 9] 9[3 8 13 12 10] 10[3 9 12 11] 11[3 10 12 5 4] 12[5 11 10 9 13 6] 13[6 12 9 8]
 235: 1[2 3 4 5] 2[1 5 6 7 8 9 3] 3[1 2 9 4] 4[1 3 9 10 11 12 7 6 5] 5[1 4 6 2] 6[2 5 4 7] 7[2 6 4 12 8] 8[2 7 12 11 13 9] 9[2 8 13 10 4 3] 10[4 9 13 11] 11[4 10 13 8 12] 12[4 11 8 7] 13[8 11 10 9]
 236: 1[2 3 4 5] 2[1 5 6 7 8 3] 3[1 2 8 4] 4[1 3 8 9 10 11 12 5] 5[1 4 12 6 2] 6[2 5 12 7] 7[2 6 12 11 10 13 8] 8[2 7 13 9 4 3] 9[4 8 13 10] 10[4 9 13 7 11] 11[4 10 7 12] 12[4 11 7 6 5] 13[7 10 9 8]
 237: 1[2 3 4 5] 2[1 5 6 7 8 3] 3[1 2 8 9 4] 4[1 3 9 10 11 7 12 5] 5[1 4 12 6 2] 6[2 5 12 7] 7[2 6 12 4 11 13 8] 8[2 7 13 10 9 3] 9[3 8 10 4] 10[4 9 8 13 11] 11[4 10 13 7] 12[4 7 6 5] 13[7 11 10 8]
 238: 1[2 3 4 5] 2[1 5 6 7 8 3] 3[1 2 8 9 4] 4[1 3 9 10 11 7 6 5] 5[1 4 6 2] 6[2 5 4 7] 7[2 6 4 11 12 8] 8[2 7 12 13 10 9 3] 9[3 8 10 4] 10[4 9 8 13 11] 11[4 10 13 12 7] 12[7 11 13 8] 13[8 12 11 10]
 239: 1[2 3 4 5] 2[1 5 6 7 8 3] 3[1 2 8 4] 4[1 3 8 9 10 11 6 5] 5[1 4 6 2] 6[2 5 4 11 7] 7[2 6 11 10 12 8] 8[2 7 12 13 9 4 3] 9[4 8 13 10] 10[4 9 13 12 7 11] 11[4 10 7 6] 12[7 10 13 8] 13[8 12 10 9]
 240: 1[2 3 4 5] 2[1 5 6 7 3] 3[1 2 7 8 9 4] 4[1 3 9 5] 5[1 4 9 10 11 12 6 2] 6[2 5 12 8 7] 7[2 6 8 3] 8[3 7 6 12 13 9] 9[3 8 13 10 5 4] 10[5 9 13 11] 11[5 10 13 12] 12[5 11 13 8 6] 13[8 12 11 10 9]
 241: 1[2 3 4 5] 2[1 5 6 7 8 3] 3[1 2 8 9 4] 4[1 3 9 5] 5[1 4 9 10 11 12 6 2] 6[2 5 12 7] 7[2 6 12 8] 8[2 7 12 13 9 3] 9[3 8 13 10 5 4] 10[5 9 13 11] 11[5 10 13 12] 12[5 11 13 8 7 6] 13[8 12 11 10 9]
 242: 1[2 3 4 5] 2[1 5 6 7 3] 3[1 2 7 8 4] 4[1 3 8 9 5] 5[1 4 9 10 11 12 6 2] 6[2 5 12 7] 7[2 6 12 13 8 3] 8[3 7 13 10 9 4] 9[4 8 10 5] 10[5 9 8 13 11] 11[5 10 13 12] 12[5 11 13 7 6] 13[7 12 11 10 8]
 243: 1[2 3 4 5] 2[1 5 6 7 3] 3[1 2 7 8 4] 4[1 3 8 5] 5[1 4 8 9 10 11 12 6 2] 6[2 5 12 7] 7[2 6 12 13 8 3] 8[3 7 13 9 5 4] 9[5 8 13 10] 10[5 9 13 11] 11[5 10 13 12] 12[5 11 13 7 6] 13[7 12 11 10 9 8]
 244: 1[2 3 4 5] 2[1 5 6 7 3] 3[1 2 7 8 4] 4[1 3 8 9 6 5] 5[1 4 6 2] 6[2 5 4 9 10 11 12 7] 7[2 6 12 13 8 3] 8[3 7 13 10 9 4] 9[4 8 10 6] 10[6 9 8 13 11] 11[6 10 13 12] 12[6 11 13 7] 13[7 12 11 10 8]
 245: 1[2 3 4 5] 2[1 5 6 7 8 3] 3[1 2 8 4] 4[1 3 8 9 10 11 5] 5[1 4 11 12 6 2] 6[2 5 12 7] 7[2 6 12 13 8] 8[2 7 13 9 4 3] 9[4 8 13 10] 10[4 9 13 12 11] 11[4 10 12 5] 12[5 11 10 13 7 6] 13[7 12 10 9 8]
 246: 1[2 3 4 5] 2[1 5 6 7 8 3] 3[1 2 8 9 10 4] 4[1 3 10 6 5] 5[1 4 6 2] 6[2 5 4 10 11 12 7] 7[2 6 12 13 9 8] 8[2 7 9 3] 9[3 8 7 13 10] 10[3 9 13 11 6 4] 11[6 10 13 12] 12[6 11 13 7] 13[7 12 11 10 9]
 247: 1[2 3 4 5 6] 2[1 6 7 8 3] 3[1 2 8 9 10 4] 4[1 3 10 5] 5[1 4 10 6] 6[1 5 10 11 12 7 2] 7[2 6 12 13 9 8] 8[2 7 9 3] 9[3 8 7 13 10] 10[3 9 13 11 6 5 4] 11[6 10 13 12] 12[6 11 13 7] 13[7 12 11 10 9]
 248: 1[2 3 4 5] 2[1 5 6 7 3] 3[1 2 7 8 9 4] 4[1 3 9 5] 5[1 4 9 10 11 6 2] 6[2 5 11 12 7] 7[2 6 12 13 8 3] 8[3 7 13 9] 9[3 8 13 10 5 4] 10[5 9 13 12 11] 11[5 10 12 6] 12[6 11 10 13 7] 13[7 12 10 9 8]
 249: 1[2 3 4 5] 2[1 5 6 7 3] 3[1 2 7 8 9 4] 4[1 3 9 10 5] 5[1 4 10 11 12 6 2] 6[2 5 12 7] 7[2 6 12 13 8 3] 8[3 7 13 9] 9[3 8 13 11 10 4] 10[4 9 11 5] 11[5 10 9 13 12] 12[5 11 13 7 6] 13[7 12 11 9 8]
 250: 1[2 3 4 5] 2[1 5 6 7 8 3] 3[1 2 8 9 10 4] 4[1 3 10 7 6 5] 5[1 4 6 2] 6[2 5 4 7] 7[2 6 4 10 11 12 8] 8[2 7 12 13 9 3] 9[3 8 13 10] 10[3 9 13 11 7 4] 11[7 10 13 12] 12[7 11 13 8] 13[8 12 11 10 9]
 251: 1[2 3 4 5] 2[1 5 6 7 3] 3[1 2 7 8 9 4] 4[1 3 9 10 6 5] 5[1 4 6 2] 6[2 5 4 10 11 12 7] 7[2 6 12 13 8 3] 8[3 7 13 9] 9[3 8 13 11 10 4] 10[4 9 11 6] 11[6 10 9 13 12] 12[6 11 13 7] 13[7 12 11 9 8]
 252: 1[2 3 4 5] 2[1 5 6 7 3] 3[1 2 7 8 4] 4[1 3 8 5] 5[1 4 8 9 10 6 2] 6[2 5 10 7] 7[2 6 10 11 12 8 3] 8[3 7 12 13 9 5 4] 9[5 8 13 11 10] 10[5 9 11 7 6] 11[7 10 9 13 12] 12[7 11 13 8] 13[8 12 11 9]
 253: 1[2 3 4 5] 2[1 5 6 3] 3[1 2 6 7 8 4] 4[1 3 8 5] 5[1 4 8 9 10 6 2] 6[2 5 10 11 12 7 3] 7[3 6 12 8] 8[3 7 12 13 9 5 4] 9[5 8 13 11 10] 10[5 9 11 6] 11[6 10 9 13 12] 12[6 11 13 8 7] 13[8 12 11 9]
 254: 1[2 3 4 5] 2[1 5 6 3] 3[1 2 6 7 4] 4[1 3 7 8 5] 5[1 4 8 9 10 6 2] 6[2 5 10 11 12 7 3] 7[3 6 12 13 9 8 4] 8[4 7 9 5] 9[5 8 7 13 11 10] 10[5 9 11 6] 11[6 10 9 13 12] 12[6 11 13 7] 13[7 12 11 9]
 255: 1[2 3 4 5] 2[1 5 6 3] 3[1 2 6 7 4] 4[1 3 7 8 5] 5[1 4 8 9 10 6 2] 6[2 5 10 11 7 3] 7[3 6 11 12 13 8 4] 8[4 7 13 9 5] 9[5 8 13 10] 10[5 9 13 12 11 6] 11[6 10 12 7] 12[7 11 10 13] 13[7 12 10 9 8]
 256: 1[2 3 4 5] 2[1 5 6 3] 3[1 2 6 7 4] 4[1 3 7 8 9 5] 5[1 4 9 10 11 6 2] 6[2 5 11 12 7 3] 7[3 6 12 13 10 8 4] 8[4 7 10 9] 9[4 8 10 5] 10[5 9 8 7 13 11] 11[5 10 13 12 6] 12[6 11 13 7] 13[7 12 11 10]
 257: 1[2 3 4 5] 2[1 5 6 7 3] 3[1 2 7 8 4] 4[1 3 8 5] 5[1 4 8 9 10 6 2] 6[2 5 10 11 7] 7[2 6 11 12 8 3] 8[3 7 12 13 9 5 4] 9[5 8 13 11 10] 10[5 9 11 6] 11[6 10 9 13 12 7] 12[7 11 13 8] 13[8 12 11 9]
 258: 1[2 3 4 5] 2[1 5 6 7 3] 3[1 2 7 8 4] 4[1 3 8 9 5] 5[1 4 9 10 11 6 2] 6[2 5 11 7] 7[2 6 11 12 8 3] 8[3 7 12 13 10 9 4] 9[4 8 10 5] 10[5 9 8 13 11] 11[5 10 13 12 7 6] 12[7 11 13 8] 13[8 12 11 10]
 259: 1[2 3 4 5] 2[1 5 6 7 3] 3[1 2 7 8 9 4] 4[1 3 9 5] 5[1 4 9 10 11 6 2] 6[2 5 11 7] 7[2 6 11 12 8 3] 8[3 7 12 9] 9[3 8 12 13 10 5 4] 10[5 9 13 11] 11[5 10 13 12 7 6] 12[7 11 13 9 8] 13[9 12 11 10]
 260: 1[2 3 4 5 6 7 8 9] 2[1 9 10 3] 3[1 2 10 11 12 4] 4[1 3 12 5] 5[1 4 12 6] 6[1 5 12 7] 7[1 6 12 8] 8[1 7 12 13 10 9] 9[1 8 10 2] 10[2 9 8 13 11 3] 11[3 10 13 12] 12[3 11 13 8 7 6 5 4] 13[8 12 11 10]
 261: 1[2 3 4 5 6 7 8] 2[1 8 9 3] 3[1 2 9 10 4] 4[1 3 10 11 12 5] 5[1 4 12 6] 6[1 5 12 7] 7[1 6 12 13 10 8] 8[1 7 10 9 2] 9[2 8 10 3] 10[3 9 8 7 13 11 4] 11[4 10 13 12] 12[4 11 13 7 6 5] 13[7 12 11 10]
 262: 1[2 3 4 5 6 7 8] 2[1 8 9 3] 3[1 2 9 10 11 4] 4[1 3 11 5] 5[1 4 11 6] 6[1 5 11 12 9 7] 7[1 6 9 8] 8[1 7 9 2] 9[2 8 7 6 12 13 10 3] 10[3 9 13 11] 11[3 10 13 12 6 5 4] 12[6 11 13 9] 13[9 12 11 10]
 263: 1[2 3 4 5 6] 2[1 6 7 8 3] 3[1 2 8 9 4] 4[1 3 9 5] 5[1 4 9 10 11 12 7 6] 6[1 5 7 2] 7[2 6 5 12 8] 8[2 7 12 13 10 9 3] 9[3 8 10 5 4] 10[5 9 8 13 11] 11[5 10 13 12] 12[5 11 13 8 7] 13[8 12 11 10]
 264: 1[2 3 4 5] 2[1 5 6 7 3] 3[1 2 7 8 4] 4[1 3 8 5] 5[1 4 8 9 10 11 6 2] 6[2 5 11 12 7] 7[2 6 12 13 9 8 3] 8[3 7 9 5 4] 9[5 8 7 13 10] 10[5 9 13 12 11] 11[5 10 12 6] 12[6 11 10 13 7] 13[7 12 10 9]
 265: 1[2 3 4 5] 2[1 5 6 7 8 3] 3[1 2 8 9 4] 4[1 3 9 5] 5[1 4 9 10 11 12 6 2] 6[2 5 12 7] 7[2 6 12 8] 8[2 7 12 13 10 9 3] 9[3 8 10 5 4] 10[5 9 8 13 11] 11[5 10 13 12] 12[5 11 13 8 7 6] 13[8 12 11 10]
 266: 1[2 3 4 5] 2[1 5 6 7 8 3] 3[1 2 8 9 4] 4[1 3 9 6 5] 5[1 4 6 2] 6[2 5 4 9 10 11 12 7] 7[2 6 12 8] 8[2 7 12 13 10 9 3] 9[3 8 10 6 4] 10[6 9 8 13 11] 11[6 10 13 12] 12[6 11 13 8 7] 13[8 12 11 10]
 267: 1[2 3 4 5] 2[1 5 6 3] 3[1 2 6 7 8 9 10 4] 4[1 3 10 11 12 5] 5[1 4 12 6 2] 6[2 5 12 11 7 3] 7[3 6 11 13 8] 8[3 7 13 9] 9[3 8 13 11 10] 10[3 9 11 4] 11[4 10 9 13 7 6 12] 12[4 11 6 5] 13[7 11 9 8]
 268: 1[2 3 4 5] 2[1 5 6 3] 3[1 2 6 7 8 9 10 11 4] 4[1 3 11 5] 5[1 4 11 12 6 2] 6[2 5 12 7 3] 7[3 6 12 13 8] 8[3 7 13 9] 9[3 8 13 12 10] 10[3 9 12 11] 11[3 10 12 5 4] 12[5 11 10 9 13 7 6] 13[7 12 9 8]
 269: 1[2 3 4 5] 2[1 5 6 7 3] 3[1 2 7 8 4] 4[1 3 8 5] 5[1 4 8 9 10 11 12 6 2] 6[2 5 12 7] 7[2 6 12 13 9 8 3] 8[3 7 9 5 4] 9[5 8 7 13 10] 10[5 9 13 11] 11[5 10 13 12] 12[5 11 13 7 6] 13[7 12 11 10 9]
 270: 1[2 3 4 5] 2[1 5 6 3] 3[1 2 6 7 8 4] 4[1 3 8 5] 5[1 4 8 9 10 11 6 2] 6[2 5 11 12 13 7 3] 7[3 6 13 8] 8[3 7 13 9 5 4] 9[5 8 13 12 10] 10[5 9 12 11] 11[5 10 12 6] 12[6 11 10 9 13] 13[6 12 9 8 7]
 271: 1[2 3 4 5] 2[1 5 6 7 3] 3[1 2 7 8 4] 4[1 3 8 5] 5[1 4 8 9 10 11 6 2] 6[2 5 11 7] 7[2 6 11 12 13 8 3] 8[3 7 13 9 5 4] 9[5 8 13 12 10] 10[5 9 12 11] 11[5 10 12 7 6] 12[7 11 10 9 13] 13[7 12 9 8]
 272: 1[2 3 4 5] 2[1 5 6 3] 3[1 2 6 7 4] 4[1 3 7 8 5] 5[1 4 8 9 10 11 6 2] 6[2 5 11 12 13 7 3] 7[3 6 13 9 8 4] 8[4 7 9 5] 9[5 8 7 13 12 10] 10[5 9 12 11] 11[5 10 12 6] 12[6 11 10 9 13] 13[6 12 9 7]
 273: 1[2 3 4 5] 2[1 5 6 3] 3[1 2 6 7 8 4] 4[1 3 8 5] 5[1 4 8 9 10 11 6 2] 6[2 5 11 12 13 7 3] 7[3 6 13 9 8] 8[3 7 9 5 4] 9[5 8 7 13 12 10] 10[5 9 12 11] 11[5 10 12 6] 12[6 11 10 9 13] 13[6 12 9 7]
 274: 1[2 3 4 5] 2[1 5 6 7 3] 3[1 2 7 8 9 4] 4[1 3 9 5] 5[1 4 9 10 11 12 6 2] 6[2 5 12 7] 7[2 6 12 13 10 8 3] 8[3 7 10 9] 9[3 8 10 5 4] 10[5 9 8 7 13 11] 11[5 10 13 12] 12[5 11 13 7 6] 13[7 12 11 10]
 275: 1[2 3 4 5] 2[1 5 6 3] 3[1 2 6 7 8 4] 4[1 3 8 5] 5[1 4 8 9 10 11 6 2] 6[2 5 11 12 13 7 3] 7[3 6 13 8] 8[3 7 13 9 5 4] 9[5 8 13 10] 10[5 9 13 12 11] 11[5 10 12 6] 12[6 11 10 13] 13[6 12 10 9 8 7]
 276: 1[2 3 4 5] 2[1 5 6 7 8 9 10 3] 3[1 2 10 4] 4[1 3 10 11 5] 5[1 4 11 6 2] 6[2 5 11 12 7] 7[2 6 12 8] 8[2 7 12 13 9] 9[2 8 13 10] 10[2 9 13 12 11 4 3] 11[4 10 12 6 5] 12[6 11 10 13 8 7] 13[8 12 10 9]
 277: 1[2 3 4 5] 2[1 5 6 7 8 9 10 3] 3[1 2 10 11 4] 4[1 3 11 12 5] 5[1 4 12 6 2] 6[2 5 12 7] 7[2 6 12 11 13 8] 8[2 7 13 9] 9[2 8 13 11 10] 10[2 9 11 3] 11[3 10 9 13 7 12 4] 12[4 11 7 6 5] 13[7 11 9 8]
 278: 1[2 3 4 5] 2[1 5 6 7 8 9 10 3] 3[1 2 10 4] 4[1 3 10 11 5] 5[1 4 11 6 2] 6[2 5 11 7] 7[2 6 11 12 8] 8[2 7 12 13 9] 9[2 8 13 10] 10[2 9 13 12 11 4 3] 11[4 10 12 7 6 5] 12[7 11 10 13 8] 13[8 12 10 9]
 279: 1[2 3 4 5] 2[1 5 6 7 8 9 10 3] 3[1 2 10 11 4] 4[1 3 11 6 5] 5[1 4 6 2] 6[2 5 4 11 12 7] 7[2 6 12 8] 8[2 7 12 13 9] 9[2 8 13 11 10] 10[2 9 11 3] 11[3 10 9 13 12 6 4] 12[6 11 13 8 7] 13[8 12 11 9]
 280: 1[2 3 4 5] 2[1 5 6 7 8 9 10 3] 3[1 2 10 11 4] 4[1 3 11 6 5] 5[1 4 6 2] 6[2 5 4 11 7] 7[2 6 11 12 13 8] 8[2 7 13 9] 9[2 8 13 12 11 10] 10[2 9 11 3] 11[3 10 9 12 7 6 4] 12[7 11 9 13] 13[7 12 9 8]
 281: 1[2 3 4 5] 2[1 5 6 7 8 9 10 3] 3[1 2 10 11 4] 4[1 3 11 6 5] 5[1 4 6 2] 6[2 5 4 11 7] 7[2 6 11 12 8] 8[2 7 12 13 9] 9[2 8 13 11 10] 10[2 9 11 3] 11[3 10 9 13 12 7 6 4] 12[7 11 13 8] 13[8 12 11 9]
 282: 1[2 3 4 5] 2[1 5 6 3] 3[1 2 6 7 8 9 4] 4[1 3 9 10 11 12 5] 5[1 4 12 6 2] 6[2 5 12 11 7 3] 7[3 6 11 10 13 8] 8[3 7 13 9] 9[3 8 13 10 4] 10[4 9 13 7 11] 11[4 10 7 6 12] 12[4 11 6 5] 13[7 10 9 8]
 283: 1[2 3 4 5 6] 2[1 6 7 3] 3[1 2 7 8 9 10 4] 4[1 3 10 5] 5[1 4 10 11 12 7 6] 6[1 5 7 2] 7[2 6 5 12 8 3] 8[3 7 12 11 13 9] 9[3 8 13 10] 10[3 9 13 11 5 4] 11[5 10 13 8 12] 12[5 11 8 7] 13[8 11 10 9]
 284: 1[2 3 4 5 6] 2[1 6 7 8 9 10 3] 3[1 2 10 4] 4[1 3 10 5] 5[1 4 10 9 11 7 6] 6[1 5 7 2] 7[2 6 5 11 12 8] 8[2 7 12 13 9] 9[2 8 13 11 5 10] 10[2 9 5 4 3] 11[5 9 13 12 7] 12[7 11 13 8] 13[8 12 11 9]
 285: 1[2 3 4 5 6] 2[1 6 7 8 9 10 3] 3[1 2 10 4] 4[1 3 10 5] 5[1 4 10 9 11 7 6] 6[1 5 7 2] 7[2 6 5 11 12 13 8] 8[2 7 13 9] 9[2 8 13 12 11 5 10] 10[2 9 5 4 3] 11[5 9 12 7] 12[7 11 9 13] 13[7 12 9 8]
 286: 1[2 3 4 5 6 7] 2[1 7 8 9 10 11 3] 3[1 2 11 4] 4[1 3 11 5] 5[1 4 11 6] 6[1 5 11 10 12 8 7] 7[1 6 8 2] 8[2 7 6 12 13 9] 9[2 8 13 10] 10[2 9 13 12 6 11] 11[2 10 6 5 4 3] 12[6 10 13 8] 13[8 12 10 9]
 287: 1[2 3 4 5 6] 2[1 6 7 3] 3[1 2 7 8 4] 4[1 3 8 5] 5[1 4 8 9 6] 6[1 5 9 10 11 7 2] 7[2 6 11 8 3] 8[3 7 11 12 9 5 4] 9[5 8 12 13 10 6] 10[6 9 13 11] 11[6 10 13 12 8 7] 12[8 11 13 9] 13[9 12 11 10]
 288: 1[2 3 4 5 6] 2[1 6 7 3] 3[1 2 7 4] 4[1 3 7 8 9 10 5] 5[1 4 10 11 6] 6[1 5 11 12 8 7 2] 7[2 6 8 4 3] 8[4 7 6 12 13 9] 9[4 8 13 10] 10[4 9 13 12 11 5] 11[5 10 12 6] 12[6 11 10 13 8] 13[8 12 10 9]
 289: 1[2 3 4 5] 2[1 5 6 7 3] 3[1 2 7 4] 4[1 3 7 8 9 10 5] 5[1 4 10 11 12 6 2] 6[2 5 12 13 7] 7[2 6 13 8 4 3] 8[4 7 13 11 9] 9[4 8 11 10] 10[4 9 11 5] 11[5 10 9 8 13 12] 12[5 11 13 6] 13[6 12 11 8 7]
 290: 1[2 3 4 5 6] 2[1 6 7 8 3] 3[1 2 8 4] 4[1 3 8 9 10 11 5] 5[1 4 11 6] 6[1 5 11 12 13 7 2] 7[2 6 13 8] 8[2 7 13 9 4 3] 9[4 8 13 12 10] 10[4 9 12 11] 11[4 10 12 6 5] 12[6 11 10 9 13] 13[6 12 9 8 7]
 291: 1[2 3 4 5] 2[1 5 6 7 8 9 3] 3[1 2 9 10 4] 4[1 3 10 11 5] 5[1 4 11 12 13 6 2] 6[2 5 13 7] 7[2 6 13 12 8] 8[2 7 12 10 9] 9[2 8 10 3] 10[3 9 8 12 11 4] 11[4 10 12 5] 12[5 11 10 8 7 13] 13[5 12 7 6]
 292: 1[2 3 4 5 6] 2[1 6 7 8 9 10 3] 3[1 2 10 4] 4[1 3 10 5] 5[1 4 10 11 12 7 6] 6[1 5 7 2] 7[2 6 5 12 13 8] 8[2 7 13 9] 9[2 8 13 11 10] 10[2 9 11 5 4 3] 11[5 10 9 13 12] 12[5 11 13 7] 13[7 12 11 9 8]
 293: 1[2 3 4 5] 2[1 5 6 7 8 9 3] 3[1 2 9 10 4] 4[1 3 10 5] 5[1 4 10 11 12 6 2] 6[2 5 12 13 7] 7[2 6 13 8] 8[2 7 13 11 10 9] 9[2 8 10 3] 10[3 9 8 11 5 4] 11[5 10 8 13 12] 12[5 11 13 6] 13[6 12 11 8 7]
 294: 1[2 3 4 5] 2[1 5 6 7 8 9 3] 3[1 2 9 10 4] 4[1 3 10 5] 5[1 4 10 11 12 6 2] 6[2 5 12 7] 7[2 6 12 11 13 8] 8[2 7 13 10 9] 9[2 8 10 3] 10[3 9 8 13 11 5 4] 11[5 10 13 7 12] 12[5 11 7 6] 13[7 11 10 8]
 295: 1[2 3 4 5] 2[1 5 6 7 8 9 3] 3[1 2 9 4] 4[1 3 9 10 5] 5[1 4 10 11 12 6 2] 6[2 5 12 7] 7[2 6 12 11 13 8] 8[2 7 13 9] 9[2 8 13 11 10 4 3] 10[4 9 11 5] 11[5 10 9 13 7 12] 12[5 11 7 6] 13[7 11 9 8]
 296: 1[2 3 4 5 6] 2[1 6 7 8 9 10 3] 3[1 2 10 4] 4[1 3 10 11 12 13 5] 5[1 4 13 6] 6[1 5 13 7 2] 7[2 6 13 8] 8[2 7 13 12 11 9] 9[2 8 11 10] 10[2 9 11 4 3] 11[4 10 9 8 12] 12[4 11 8 13] 13[4 12 8 7 6 5]
 297: 1[2 3 4 5] 2[1 5 6 7 8 9 3] 3[1 2 9 4] 4[1 3 9 10 5] 5[1 4 10 11 12 6 2] 6[2 5 12 7] 7[2 6 12 13 8] 8[2 7 13 9] 9[2 8 13 11 10 4 3] 10[4 9 11 5] 11[5 10 9 13 12] 12[5 11 13 7 6] 13[7 12 11 9 8]
 298: 1[2 3 4 5 6] 2[1 6 7 8 9 10 3] 3[1 2 10 4] 4[1 3 10 11 5] 5[1 4 11 12 6] 6[1 5 12 7 2] 7[2 6 12 13 8] 8[2 7 13 9] 9[2 8 13 12 10] 10[2 9 12 11 4 3] 11[4 10 12 5] 12[5 11 10 9 13 7 6] 13[7 12 9 8]
 299: 1[2 3 4 5 6] 2[1 6 7 8 9 10 3] 3[1 2 10 4] 4[1 3 10 11 5] 5[1 4 11 12 6] 6[1 5 12 7 2] 7[2 6 12 11 13 8] 8[2 7 13 9] 9[2 8 13 11 10] 10[2 9 11 4 3] 11[4 10 9 13 7 12 5] 12[5 11 7 6] 13[7 11 9 8]
 300: 1[2 3 4 5 6] 2[1 6 7 8 9 10 3] 3[1 2 10 4] 4[1 3 10 11 5] 5[1 4 11 6] 6[1 5 11 12 7 2] 7[2 6 12 8] 8[2 7 12 13 9] 9[2 8 13 11 10] 10[2 9 11 4 3] 11[4 10 9 13 12 6 5] 12[6 11 13 8 7] 13[8 12 11 9]
 301: 1[2 3 4 5 6] 2[1 6 7 8 9 10 3] 3[1 2 10 4] 4[1 3 10 11 5] 5[1 4 11 6] 6[1 5 11 7 2] 7[2 6 11 12 8] 8[2 7 12 13 9] 9[2 8 13 10] 10[2 9 13 11 4 3] 11[4 10 13 12 7 6 5] 12[7 11 13 8] 13[8 12 11 10 9]
 302: 1[2 3 4 5 6 7] 2[1 7 8 9 10 11 3] 3[1 2 11 4] 4[1 3 11 12 5] 5[1 4 12 6] 6[1 5 12 8 7] 7[1 6 8 2] 8[2 7 6 12 13 9] 9[2 8 13 10] 10[2 9 13 12 11] 11[2 10 12 4 3] 12[4 11 10 13 8 6 5] 13[8 12 10 9]
 303: 1[2 3 4 5 6 7 8] 2[1 8 9 10 11 12 3] 3[1 2 12 4] 4[1 3 12 5] 5[1 4 12 11 13 9 6] 6[1 5 9 7] 7[1 6 9 8] 8[1 7 9 2] 9[2 8 7 6 5 13 10] 10[2 9 13 11] 11[2 10 13 5 12] 12[2 11 5 4 3] 13[5 11 10 9]
 304: 1[2 3 4 5 6 7] 2[1 7 8 3] 3[1 2 8 4] 4[1 3 8 9 10 11 5] 5[1 4 11 12 6] 6[1 5 12 7] 7[1 6 12 10 13 8 2] 8[2 7 13 9 4 3] 9[4 8 13 10] 10[4 9 13 7 12 11] 11[4 10 12 5] 12[5 11 10 7 6] 13[7 10 9 8]
 305: 1[2 3 4 5 6 7 8] 2[1 8 9 3] 3[1 2 9 4] 4[1 3 9 10 11 12 5] 5[1 4 12 6] 6[1 5 12 7] 7[1 6 12 8] 8[1 7 12 11 13 9 2] 9[2 8 13 10 4 3] 10[4 9 13 11] 11[4 10 13 8 12] 12[4 11 8 7 6 5] 13[8 11 10 9]
 306: 1[2 3 4 5 6] 2[1 6 7 3] 3[1 2 7 8 9 10 11 4] 4[1 3 11 5] 5[1 4 11 12 13 8 7 6] 6[1 5 7 2] 7[2 6 5 8 3] 8[3 7 5 13 9] 9[3 8 13 12 10] 10[3 9 12 11] 11[3 10 12 5 4] 12[5 11 10 9 13] 13[5 12 9 8]
 307: 1[2 3 4 5 6] 2[1 6 7 8 9 10 11 12 3] 3[1 2 12 4] 4[1 3 12 5] 5[1 4 12 11 10 9 13 7 6] 6[1 5 7 2] 7[2 6 5 13 8] 8[2 7 13 9] 9[2 8 13 5 10] 10[2 9 5 11] 11[2 10 5 12] 12[2 11 5 4 3] 13[5 9 8 7]
 308: 1[2 3 4 5 6] 2[1 6 7 8 9 10 11 3] 3[1 2 11 4] 4[1 3 11 5] 5[1 4 11 12 9 13 7 6] 6[1 5 7 2] 7[2 6 5 13 8] 8[2 7 13 9] 9[2 8 13 5 12 10] 10[2 9 12 11] 11[2 10 12 5 4 3] 12[5 11 10 9] 13[5 9 8 7]
 309: 1[2 3 4 5 6 7] 2[1 7 8 9 10 11 12 3] 3[1 2 12 4] 4[1 3 12 5] 5[1 4 12 6] 6[1 5 12 11 10 13 8 7] 7[1 6 8 2] 8[2 7 6 13 9] 9[2 8 13 10] 10[2 9 13 6 11] 11[2 10 6 12] 12[2 11 6 5 4 3] 13[6 10 9 8]
 310: 1[2 3 4 5] 2[1 5 6 7 3] 3[1 2 7 4] 4[1 3 7 8 9 10 11 12 5] 5[1 4 12 6 2] 6[2 5 12 11 13 9 8 7] 7[2 6 8 4 3] 8[4 7 6 9] 9[4 8 6 13 10] 10[4 9 13 11] 11[4 10 13 6 12] 12[4 11 6 5] 13[6 11 10 9]
 311: 1[2 3 4 5 6] 2[1 6 7 3] 3[1 2 7 4] 4[1 3 7 8 9 10 11 5] 5[1 4 11 6] 6[1 5 11 12 7 2] 7[2 6 12 8 4 3] 8[4 7 12 13 9] 9[4 8 13 10] 10[4 9 13 12 11] 11[4 10 12 6 5] 12[6 11 10 13 8 7] 13[8 12 10 9]
 312: 1[2 3 4 5] 2[1 5 6 7 8 3] 3[1 2 8 4] 4[1 3 8 9 5] 5[1 4 9 10 11 12 6 2] 6[2 5 12 7] 7[2 6 12 13 10 8] 8[2 7 10 9 4 3] 9[4 8 10 5] 10[5 9 8 7 13 11] 11[5 10 13 12] 12[5 11 13 7 6] 13[7 12 11 10]
 313: 1[2 3 4 5] 2[1 5 6 7 8 9 10 3] 3[1 2 10 11 4] 4[1 3 11 5] 5[1 4 11 6 2] 6[2 5 11 7] 7[2 6 11 12 8] 8[2 7 12 13 9] 9[2 8 13 10] 10[2 9 13 12 11 3] 11[3 10 12 7 6 5 4] 12[7 11 10 13 8] 13[8 12 10 9]
 
  1: 1,2; 1,3; 1,4; 1,5; 1,6; 2,6; 2,7; 2,8; 2,3; 3,8; 3,9; 3,4; 4,9; 4,10; 4,11; 4,5; 5,11; 5,12; 5,6; 6,12; 6,7; 7,12; 7,13; 7,8; 8,13; 8,9; 9,13; 9,10; 10,13; 10,12; 10,11; 11,12; 12,13
  2: 1,2; 1,3; 1,4; 1,5; 1,6; 2,6; 2,7; 2,8; 2,3; 3,8; 3,9; 3,10; 3,4; 4,10; 4,11; 4,12; 4,5; 5,12; 5,6; 6,12; 6,7; 7,12; 7,13; 7,8; 8,13; 8,9; 9,13; 9,11; 9,10; 10,11; 11,13; 11,12; 12,13
  3: 1,2; 1,3; 1,4; 1,5; 1,6; 2,6; 2,7; 2,8; 2,3; 3,8; 3,9; 3,4; 4,9; 4,10; 4,5; 5,10; 5,11; 5,6; 6,11; 6,7; 7,11; 7,8; 8,11; 8,12; 8,13; 8,9; 9,13; 9,10; 10,13; 10,12; 10,11; 11,12; 12,13
  4: 1,2; 1,3; 1,4; 1,5; 1,6; 2,6; 2,7; 2,3; 3,7; 3,8; 3,9; 3,4; 4,9; 4,10; 4,5; 5,10; 5,11; 5,6; 6,11; 6,8; 6,7; 7,8; 8,11; 8,12; 8,13; 8,9; 9,13; 9,10; 10,13; 10,12; 10,11; 11,12; 12,13
  5: 1,2; 1,3; 1,4; 1,5; 1,6; 1,7; 2,7; 2,8; 2,3; 3,8; 3,4; 4,8; 4,9; 4,5; 5,9; 5,10; 5,6; 6,10; 6,11; 6,7; 7,11; 7,8; 8,11; 8,12; 8,13; 8,9; 9,13; 9,10; 10,13; 10,12; 10,11; 11,12; 12,13
  6: 1,2; 1,3; 1,4; 1,5; 2,5; 2,6; 2,7; 2,8; 2,9; 2,3; 3,9; 3,4; 4,9; 4,10; 4,11; 4,5; 5,11; 5,12; 5,6; 6,12; 6,13; 6,7; 7,13; 7,8; 8,13; 8,9; 9,13; 9,10; 10,13; 10,12; 10,11; 11,12; 12,13
  7: 1,2; 1,3; 1,4; 1,5; 2,5; 2,6; 2,7; 2,8; 2,9; 2,3; 3,9; 3,4; 4,9; 4,10; 4,11; 4,12; 4,5; 5,12; 5,6; 6,12; 6,13; 6,7; 7,13; 7,8; 8,13; 8,9; 9,13; 9,10; 10,13; 10,11; 11,13; 11,12; 12,13
  8: 1,2; 1,3; 1,4; 1,5; 2,5; 2,6; 2,7; 2,3; 3,7; 3,8; 3,9; 3,4; 4,9; 4,10; 4,6; 4,5; 5,6; 6,10; 6,11; 6,12; 6,7; 7,12; 7,13; 7,8; 8,13; 8,9; 9,13; 9,10; 10,13; 10,11; 11,13; 11,12; 12,13
  9: 1,2; 1,3; 1,4; 1,5; 2,5; 2,6; 2,7; 2,3; 3,7; 3,8; 3,9; 3,10; 3,4; 4,10; 4,5; 5,10; 5,11; 5,12; 5,6; 6,12; 6,7; 7,12; 7,13; 7,8; 8,13; 8,9; 9,13; 9,10; 10,13; 10,11; 11,13; 11,12; 12,13
  10: 1,2; 1,3; 1,4; 1,5; 2,5; 2,6; 2,7; 2,8; 2,3; 3,8; 3,9; 3,10; 3,11; 3,4; 4,11; 4,5; 5,11; 5,12; 5,13; 5,6; 6,13; 6,7; 7,13; 7,8; 8,13; 8,12; 8,9; 9,12; 9,10; 10,12; 10,11; 11,12; 12,13
  11: 1,2; 1,3; 1,4; 1,5; 2,5; 2,6; 2,7; 2,3; 3,7; 3,8; 3,9; 3,10; 3,4; 4,10; 4,5; 5,10; 5,11; 5,12; 5,6; 6,12; 6,13; 6,7; 7,13; 7,11; 7,8; 8,11; 8,9; 9,11; 9,10; 10,11; 11,13; 11,12; 12,13
  12: 1,2; 1,3; 1,4; 1,5; 1,6; 2,6; 2,7; 2,8; 2,3; 3,8; 3,9; 3,10; 3,11; 3,4; 4,11; 4,5; 5,11; 5,6; 6,11; 6,12; 6,13; 6,7; 7,13; 7,8; 8,13; 8,12; 8,9; 9,12; 9,10; 10,12; 10,11; 11,12; 12,13
  13: 1,2; 1,3; 1,4; 1,5; 1,6; 2,6; 2,7; 2,3; 3,7; 3,8; 3,4; 4,8; 4,5; 5,8; 5,9; 5,10; 5,6; 6,10; 6,11; 6,7; 7,11; 7,12; 7,13; 7,8; 8,13; 8,9; 9,13; 9,12; 9,11; 9,10; 10,11; 11,12; 12,13
  14: 1,2; 1,3; 1,4; 1,5; 1,6; 2,6; 2,7; 2,8; 2,9; 2,3; 3,9; 3,10; 3,4; 4,10; 4,11; 4,12; 4,13; 4,5; 5,13; 5,7; 5,6; 6,7; 7,13; 7,12; 7,8; 8,12; 8,11; 8,10; 8,9; 9,10; 10,11; 11,12; 12,13
  15: 1,2; 1,3; 1,4; 1,5; 1,6; 1,7; 2,7; 2,8; 2,3; 3,8; 3,4; 4,8; 4,9; 4,10; 4,5; 5,10; 5,11; 5,6; 6,11; 6,7; 7,11; 7,12; 7,13; 7,8; 8,13; 8,9; 9,13; 9,12; 9,11; 9,10; 10,11; 11,12; 12,13
  16: 1,2; 1,3; 1,4; 1,5; 1,6; 2,6; 2,7; 2,8; 2,9; 2,10; 2,3; 3,10; 3,4; 4,10; 4,5; 5,10; 5,11; 5,12; 5,6; 6,12; 6,7; 7,12; 7,11; 7,13; 7,8; 8,13; 8,9; 9,13; 9,11; 9,10; 10,11; 11,13; 11,12
  17: 1,2; 1,3; 1,4; 1,5; 1,6; 2,6; 2,7; 2,8; 2,9; 2,10; 2,3; 3,10; 3,4; 4,10; 4,5; 5,10; 5,11; 5,12; 5,6; 6,12; 6,7; 7,12; 7,11; 7,8; 8,11; 8,13; 8,9; 9,13; 9,10; 10,13; 10,11; 11,13; 11,12
  18: 1,2; 1,3; 1,4; 1,5; 2,5; 2,6; 2,7; 2,3; 3,7; 3,8; 3,9; 3,4; 4,9; 4,10; 4,11; 4,5; 5,11; 5,6; 6,11; 6,10; 6,12; 6,13; 6,7; 7,13; 7,8; 8,13; 8,12; 8,10; 8,9; 9,10; 10,12; 10,11; 12,13
  19: 1,2; 1,3; 1,4; 1,5; 2,5; 2,6; 2,7; 2,8; 2,3; 3,8; 3,9; 3,10; 3,4; 4,10; 4,11; 4,5; 5,11; 5,6; 6,11; 6,10; 6,12; 6,7; 7,12; 7,13; 7,9; 7,8; 8,9; 9,13; 9,10; 10,13; 10,12; 10,11; 12,13
  20: 1,2; 1,3; 1,4; 1,5; 2,5; 2,6; 2,3; 3,6; 3,7; 3,4; 4,7; 4,8; 4,9; 4,5; 5,9; 5,10; 5,6; 6,10; 6,11; 6,12; 6,7; 7,12; 7,8; 8,12; 8,13; 8,10; 8,9; 9,10; 10,13; 10,11; 11,13; 11,12; 12,13
  21: 1,2; 1,3; 1,4; 1,5; 1,6; 2,6; 2,7; 2,8; 2,9; 2,10; 2,11; 2,3; 3,11; 3,4; 4,11; 4,12; 4,5; 5,12; 5,13; 5,6; 6,13; 6,7; 7,13; 7,8; 8,13; 8,12; 8,9; 9,12; 9,10; 10,12; 10,11; 11,12; 12,13
  22: 1,2; 1,3; 1,4; 1,5; 1,6; 2,6; 2,7; 2,3; 3,7; 3,8; 3,4; 4,8; 4,9; 4,5; 5,9; 5,10; 5,6; 6,10; 6,7; 7,10; 7,11; 7,12; 7,13; 7,8; 8,13; 8,9; 9,13; 9,12; 9,11; 9,10; 10,11; 11,12; 12,13
  23: 1,2; 1,3; 1,4; 1,5; 2,5; 2,6; 2,7; 2,8; 2,9; 2,10; 2,3; 3,10; 3,4; 4,10; 4,11; 4,12; 4,5; 5,12; 5,6; 6,12; 6,13; 6,7; 7,13; 7,8; 8,13; 8,9; 9,13; 9,10; 10,13; 10,11; 11,13; 11,12; 12,13
  24: 1,2; 1,3; 1,4; 1,5; 2,5; 2,6; 2,7; 2,3; 3,7; 3,8; 3,9; 3,10; 3,11; 3,4; 4,11; 4,5; 5,11; 5,12; 5,6; 6,12; 6,13; 6,7; 7,13; 7,8; 8,13; 8,12; 8,9; 9,12; 9,10; 10,12; 10,11; 11,12; 12,13
  25: 1,2; 1,3; 1,4; 1,5; 2,5; 2,6; 2,7; 2,3; 3,7; 3,8; 3,9; 3,10; 3,11; 3,4; 4,11; 4,5; 5,11; 5,12; 5,13; 5,6; 6,13; 6,7; 7,13; 7,12; 7,8; 8,12; 8,9; 9,12; 9,10; 10,12; 10,11; 11,12; 12,13
  26: 1,2; 1,3; 1,4; 1,5; 2,5; 2,6; 2,7; 2,8; 2,3; 3,8; 3,9; 3,10; 3,11; 3,12; 3,4; 4,12; 4,5; 5,12; 5,13; 5,6; 6,13; 6,7; 7,13; 7,8; 8,13; 8,9; 9,13; 9,10; 10,13; 10,11; 11,13; 11,12; 12,13
  27: 1,2; 1,3; 1,4; 1,5; 2,5; 2,6; 2,7; 2,3; 3,7; 3,8; 3,9; 3,10; 3,11; 3,4; 4,11; 4,5; 5,11; 5,12; 5,6; 6,12; 6,7; 7,12; 7,8; 8,12; 8,13; 8,9; 9,13; 9,10; 10,13; 10,12; 10,11; 11,12; 12,13
  28: 1,2; 1,3; 1,4; 1,5; 1,6; 2,6; 2,7; 2,8; 2,3; 3,8; 3,9; 3,10; 3,11; 3,12; 3,4; 4,12; 4,5; 5,12; 5,6; 6,12; 6,13; 6,7; 7,13; 7,8; 8,13; 8,9; 9,13; 9,10; 10,13; 10,11; 11,13; 11,12; 12,13
  29: 1,2; 1,3; 1,4; 1,5; 2,5; 2,6; 2,7; 2,3; 3,7; 3,8; 3,9; 3,4; 4,9; 4,10; 4,6; 4,5; 5,6; 6,10; 6,11; 6,12; 6,13; 6,7; 7,13; 7,8; 8,13; 8,12; 8,11; 8,10; 8,9; 9,10; 10,11; 11,12; 12,13
  30: 1,2; 1,3; 1,4; 1,5; 2,5; 2,6; 2,7; 2,8; 2,9; 2,10; 2,3; 3,10; 3,4; 4,10; 4,11; 4,12; 4,5; 5,12; 5,13; 5,6; 6,13; 6,7; 7,13; 7,11; 7,8; 8,11; 8,9; 9,11; 9,10; 10,11; 11,13; 11,12; 12,13
  31: 1,2; 1,3; 1,4; 1,5; 2,5; 2,6; 2,7; 2,8; 2,9; 2,10; 2,3; 3,10; 3,4; 4,10; 4,11; 4,12; 4,13; 4,5; 5,13; 5,6; 6,13; 6,12; 6,7; 7,12; 7,8; 8,12; 8,9; 9,12; 9,11; 9,10; 10,11; 11,12; 12,13
  32: 1,2; 1,3; 1,4; 1,5; 1,6; 2,6; 2,7; 2,8; 2,9; 2,10; 2,11; 2,12; 2,3; 3,12; 3,4; 4,12; 4,13; 4,5; 5,13; 5,7; 5,6; 6,7; 7,13; 7,8; 8,13; 8,9; 9,13; 9,10; 10,13; 10,11; 11,13; 11,12; 12,13
  33: 1,2; 1,3; 1,4; 1,5; 2,5; 2,6; 2,7; 2,8; 2,9; 2,10; 2,11; 2,3; 3,11; 3,4; 4,11; 4,12; 4,13; 4,5; 5,13; 5,6; 6,13; 6,12; 6,7; 7,12; 7,8; 8,12; 8,9; 9,12; 9,10; 10,12; 10,11; 11,12; 12,13
  34: 1,2; 1,3; 1,4; 1,5; 2,5; 2,6; 2,7; 2,8; 2,9; 2,10; 2,11; 2,12; 2,3; 3,12; 3,4; 4,12; 4,13; 4,5; 5,13; 5,6; 6,13; 6,7; 7,13; 7,8; 8,13; 8,9; 9,13; 9,10; 10,13; 10,11; 11,13; 11,12; 12,13
  35: 1,2; 1,3; 1,4; 1,5; 2,5; 2,6; 2,7; 2,8; 2,9; 2,10; 2,11; 2,3; 3,11; 3,4; 4,11; 4,12; 4,5; 5,12; 5,13; 5,6; 6,13; 6,7; 7,13; 7,12; 7,8; 8,12; 8,9; 9,12; 9,10; 10,12; 10,11; 11,12; 12,13
  36: 1,2; 1,3; 1,4; 1,5; 2,5; 2,6; 2,7; 2,8; 2,9; 2,10; 2,11; 2,3; 3,11; 3,4; 4,11; 4,12; 4,5; 5,12; 5,6; 6,12; 6,7; 7,12; 7,8; 8,12; 8,13; 8,9; 9,13; 9,10; 10,13; 10,12; 10,11; 11,12; 12,13
  37: 1,2; 1,3; 1,4; 1,5; 1,6; 2,6; 2,7; 2,8; 2,9; 2,10; 2,11; 2,12; 2,3; 3,12; 3,4; 4,12; 4,5; 5,12; 5,13; 5,6; 6,13; 6,7; 7,13; 7,8; 8,13; 8,9; 9,13; 9,10; 10,13; 10,11; 11,13; 11,12; 12,13
  38: 1,2; 1,3; 1,4; 1,5; 2,5; 2,6; 2,7; 2,8; 2,3; 3,8; 3,9; 3,10; 3,11; 3,12; 3,13; 3,4; 4,13; 4,5; 5,13; 5,6; 6,13; 6,7; 7,13; 7,12; 7,11; 7,10; 7,9; 7,8; 8,9; 9,10; 10,11; 11,12; 12,13
  39: 1,2; 1,3; 1,4; 1,5; 2,5; 2,6; 2,7; 2,8; 2,3; 3,8; 3,9; 3,10; 3,11; 3,12; 3,4; 4,12; 4,5; 5,12; 5,6; 6,12; 6,11; 6,10; 6,9; 6,13; 6,7; 7,13; 7,8; 8,13; 8,9; 9,13; 9,10; 10,11; 11,12
  40: 1,2; 1,3; 1,4; 1,5; 1,6; 2,6; 2,7; 2,8; 2,9; 2,3; 3,9; 3,4; 4,9; 4,10; 4,11; 4,12; 4,13; 4,5; 5,13; 5,6; 6,13; 6,7; 7,13; 7,12; 7,11; 7,10; 7,8; 8,10; 8,9; 9,10; 10,11; 11,12; 12,13
  41: 1,2; 1,3; 1,4; 1,5; 2,5; 2,6; 2,7; 2,8; 2,9; 2,10; 2,3; 3,10; 3,4; 4,10; 4,11; 4,5; 5,11; 5,12; 5,13; 5,6; 6,13; 6,7; 7,13; 7,12; 7,11; 7,8; 8,11; 8,9; 9,11; 9,10; 10,11; 11,12; 12,13
  42: 1,2; 1,3; 1,4; 1,5; 2,5; 2,6; 2,7; 2,8; 2,9; 2,10; 2,11; 2,3; 3,11; 3,4; 4,11; 4,12; 4,5; 5,12; 5,13; 5,6; 6,13; 6,7; 7,13; 7,8; 8,13; 8,12; 8,9; 9,12; 9,10; 10,12; 10,11; 11,12; 12,13
  43: 1,2; 1,3; 1,4; 1,5; 2,5; 2,6; 2,7; 2,8; 2,9; 2,10; 2,3; 3,10; 3,4; 4,10; 4,11; 4,5; 5,11; 5,12; 5,6; 6,12; 6,7; 7,12; 7,11; 7,8; 8,11; 8,13; 8,9; 9,13; 9,10; 10,13; 10,11; 11,13; 11,12
  44: 1,2; 1,3; 1,4; 1,5; 1,6; 2,6; 2,7; 2,8; 2,9; 2,10; 2,11; 2,3; 3,11; 3,4; 4,11; 4,5; 5,11; 5,12; 5,6; 6,12; 6,13; 6,7; 7,13; 7,8; 8,13; 8,12; 8,9; 9,12; 9,10; 10,12; 10,11; 11,12; 12,13
  45: 1,2; 1,3; 1,4; 1,5; 2,5; 2,6; 2,7; 2,3; 3,7; 3,8; 3,4; 4,8; 4,9; 4,10; 4,6; 4,5; 5,6; 6,10; 6,11; 6,12; 6,13; 6,7; 7,13; 7,8; 8,13; 8,12; 8,11; 8,9; 9,11; 9,10; 10,11; 11,12; 12,13
  46: 1,2; 1,3; 1,4; 1,5; 1,6; 2,6; 2,7; 2,3; 3,7; 3,8; 3,4; 4,8; 4,9; 4,10; 4,5; 5,10; 5,6; 6,10; 6,7; 7,10; 7,11; 7,8; 8,11; 8,12; 8,13; 8,9; 9,13; 9,10; 10,13; 10,12; 10,11; 11,12; 12,13
  47: 1,2; 1,3; 1,4; 1,5; 1,6; 2,6; 2,7; 2,8; 2,3; 3,8; 3,9; 3,4; 4,9; 4,10; 4,11; 4,12; 4,13; 4,5; 5,13; 5,7; 5,6; 6,7; 7,13; 7,12; 7,8; 8,12; 8,11; 8,10; 8,9; 9,10; 10,11; 11,12; 12,13
  48: 1,2; 1,3; 1,4; 1,5; 1,6; 1,7; 2,7; 2,8; 2,9; 2,3; 3,9; 3,10; 3,4; 4,10; 4,11; 4,12; 4,13; 4,8; 4,5; 5,8; 5,6; 6,8; 6,7; 7,8; 8,13; 8,9; 9,13; 9,12; 9,11; 9,10; 10,11; 11,12; 12,13
  49: 1,2; 1,3; 1,4; 1,5; 1,6; 1,7; 2,7; 2,8; 2,3; 3,8; 3,4; 4,8; 4,9; 4,5; 5,9; 5,10; 5,6; 6,10; 6,7; 7,10; 7,11; 7,12; 7,13; 7,8; 8,13; 8,9; 9,13; 9,12; 9,11; 9,10; 10,11; 11,12; 12,13
  50: 1,2; 1,3; 1,4; 1,5; 2,5; 2,6; 2,7; 2,8; 2,3; 3,8; 3,9; 3,10; 3,11; 3,12; 3,4; 4,12; 4,5; 5,12; 5,6; 6,12; 6,13; 6,7; 7,13; 7,11; 7,10; 7,9; 7,8; 8,9; 9,10; 10,11; 11,13; 11,12; 12,13
  51: 1,2; 1,3; 1,4; 1,5; 2,5; 2,6; 2,7; 2,8; 2,3; 3,8; 3,9; 3,10; 3,11; 3,12; 3,4; 4,12; 4,5; 5,12; 5,6; 6,12; 6,7; 7,12; 7,13; 7,10; 7,9; 7,8; 8,9; 9,10; 10,13; 10,11; 11,13; 11,12; 12,13
  52: 1,2; 1,3; 1,4; 1,5; 2,5; 2,6; 2,7; 2,8; 2,3; 3,8; 3,9; 3,10; 3,11; 3,12; 3,4; 4,12; 4,13; 4,5; 5,13; 5,6; 6,13; 6,7; 7,13; 7,11; 7,10; 7,9; 7,8; 8,9; 9,10; 10,11; 11,13; 11,12; 12,13
  53: 1,2; 1,3; 1,4; 1,5; 1,6; 2,6; 2,7; 2,8; 2,9; 2,3; 3,9; 3,10; 3,11; 3,12; 3,13; 3,4; 4,13; 4,5; 5,13; 5,6; 6,13; 6,7; 7,13; 7,8; 8,13; 8,12; 8,11; 8,10; 8,9; 9,10; 10,11; 11,12; 12,13
  54: 1,2; 1,3; 1,4; 1,5; 1,6; 2,6; 2,7; 2,8; 2,3; 3,8; 3,9; 3,4; 4,9; 4,10; 4,11; 4,5; 5,11; 5,6; 6,11; 6,7; 7,11; 7,10; 7,12; 7,13; 7,8; 8,13; 8,9; 9,13; 9,12; 9,10; 10,12; 10,11; 12,13
  55: 1,2; 1,3; 1,4; 1,5; 2,5; 2,6; 2,7; 2,3; 3,7; 3,8; 3,9; 3,4; 4,9; 4,10; 4,5; 5,10; 5,11; 5,6; 6,11; 6,8; 6,7; 7,8; 8,11; 8,12; 8,13; 8,9; 9,13; 9,10; 10,13; 10,12; 10,11; 11,12; 12,13
  56: 1,2; 1,3; 1,4; 1,5; 2,5; 2,6; 2,7; 2,8; 2,3; 3,8; 3,9; 3,4; 4,9; 4,10; 4,5; 5,10; 5,11; 5,6; 6,11; 6,7; 7,11; 7,8; 8,11; 8,12; 8,13; 8,9; 9,13; 9,10; 10,13; 10,12; 10,11; 11,12; 12,13
  57: 1,2; 1,3; 1,4; 1,5; 2,5; 2,6; 2,7; 2,3; 3,7; 3,8; 3,9; 3,10; 3,4; 4,10; 4,11; 4,5; 5,11; 5,6; 6,11; 6,9; 6,12; 6,7; 7,12; 7,13; 7,8; 8,13; 8,9; 9,13; 9,12; 9,11; 9,10; 10,11; 12,13
  58: 1,2; 1,3; 1,4; 1,5; 2,5; 2,6; 2,7; 2,3; 3,7; 3,8; 3,9; 3,4; 4,9; 4,10; 4,11; 4,5; 5,11; 5,6; 6,11; 6,8; 6,7; 7,8; 8,11; 8,12; 8,9; 9,12; 9,13; 9,10; 10,13; 10,11; 11,13; 11,12; 12,13
  59: 1,2; 1,3; 1,4; 1,5; 2,5; 2,6; 2,7; 2,3; 3,7; 3,8; 3,4; 4,8; 4,9; 4,10; 4,5; 5,10; 5,6; 6,10; 6,11; 6,7; 7,11; 7,12; 7,8; 8,12; 8,13; 8,9; 9,13; 9,10; 10,13; 10,12; 10,11; 11,12; 12,13
  60: 1,2; 1,3; 1,4; 1,5; 2,5; 2,6; 2,7; 2,3; 3,7; 3,8; 3,4; 4,8; 4,9; 4,10; 4,5; 5,10; 5,11; 5,6; 6,11; 6,7; 7,11; 7,10; 7,12; 7,8; 8,12; 8,13; 8,9; 9,13; 9,10; 10,13; 10,12; 10,11; 12,13
  61: 1,2; 1,3; 1,4; 1,5; 2,5; 2,6; 2,7; 2,3; 3,7; 3,8; 3,4; 4,8; 4,9; 4,10; 4,5; 5,10; 5,11; 5,6; 6,11; 6,7; 7,11; 7,12; 7,8; 8,12; 8,13; 8,9; 9,13; 9,11; 9,10; 10,11; 11,13; 11,12; 12,13
  62: 1,2; 1,3; 1,4; 1,5; 2,5; 2,6; 2,7; 2,8; 2,3; 3,8; 3,9; 3,4; 4,9; 4,10; 4,11; 4,6; 4,5; 5,6; 6,11; 6,7; 7,11; 7,10; 7,12; 7,13; 7,8; 8,13; 8,9; 9,13; 9,12; 9,10; 10,12; 10,11; 12,13
  63: 1,2; 1,3; 1,4; 1,5; 2,5; 2,6; 2,7; 2,8; 2,3; 3,8; 3,9; 3,4; 4,9; 4,10; 4,11; 4,6; 4,5; 5,6; 6,11; 6,7; 7,11; 7,8; 8,11; 8,12; 8,9; 9,12; 9,13; 9,10; 10,13; 10,11; 11,13; 11,12; 12,13
  64: 1,2; 1,3; 1,4; 1,5; 2,5; 2,6; 2,7; 2,3; 3,7; 3,8; 3,9; 3,4; 4,9; 4,10; 4,5; 5,10; 5,11; 5,6; 6,11; 6,12; 6,13; 6,8; 6,7; 7,8; 8,13; 8,9; 9,13; 9,10; 10,13; 10,12; 10,11; 11,12; 12,13
  65: 1,2; 1,3; 1,4; 1,5; 2,5; 2,6; 2,3; 3,6; 3,7; 3,8; 3,9; 3,4; 4,9; 4,10; 4,5; 5,10; 5,11; 5,6; 6,11; 6,12; 6,13; 6,7; 7,13; 7,8; 8,13; 8,9; 9,13; 9,10; 10,13; 10,12; 10,11; 11,12; 12,13
  66: 1,2; 1,3; 1,4; 1,5; 2,5; 2,6; 2,7; 2,3; 3,7; 3,8; 3,9; 3,4; 4,9; 4,10; 4,5; 5,10; 5,11; 5,6; 6,11; 6,7; 7,11; 7,12; 7,13; 7,8; 8,13; 8,9; 9,13; 9,10; 10,13; 10,12; 10,11; 11,12; 12,13
  67: 1,2; 1,3; 1,4; 1,5; 2,5; 2,6; 2,7; 2,8; 2,9; 2,3; 3,9; 3,10; 3,4; 4,10; 4,11; 4,5; 5,11; 5,6; 6,11; 6,12; 6,7; 7,12; 7,13; 7,8; 8,13; 8,10; 8,9; 9,10; 10,13; 10,11; 11,13; 11,12; 12,13
  68: 1,2; 1,3; 1,4; 1,5; 2,5; 2,6; 2,7; 2,8; 2,9; 2,3; 3,9; 3,4; 4,9; 4,10; 4,5; 5,10; 5,6; 6,10; 6,11; 6,12; 6,7; 7,12; 7,8; 8,12; 8,13; 8,9; 9,13; 9,10; 10,13; 10,11; 11,13; 11,12; 12,13
  69: 1,2; 1,3; 1,4; 1,5; 2,5; 2,6; 2,7; 2,8; 2,9; 2,3; 3,9; 3,4; 4,9; 4,10; 4,5; 5,10; 5,6; 6,10; 6,11; 6,7; 7,11; 7,12; 7,13; 7,8; 8,13; 8,9; 9,13; 9,12; 9,10; 10,12; 10,11; 11,12; 12,13
  70: 1,2; 1,3; 1,4; 1,5; 2,5; 2,6; 2,7; 2,8; 2,9; 2,3; 3,9; 3,4; 4,9; 4,10; 4,5; 5,10; 5,11; 5,6; 6,11; 6,7; 7,11; 7,12; 7,13; 7,8; 8,13; 8,9; 9,13; 9,10; 10,13; 10,12; 10,11; 11,12; 12,13
  71: 1,2; 1,3; 1,4; 1,5; 2,5; 2,6; 2,7; 2,8; 2,9; 2,3; 3,9; 3,4; 4,9; 4,10; 4,5; 5,10; 5,6; 6,10; 6,11; 6,7; 7,11; 7,12; 7,8; 8,12; 8,13; 8,9; 9,13; 9,10; 10,13; 10,12; 10,11; 11,12; 12,13
  72: 1,2; 1,3; 1,4; 1,5; 2,5; 2,6; 2,7; 2,8; 2,9; 2,3; 3,9; 3,4; 4,9; 4,10; 4,5; 5,10; 5,6; 6,10; 6,11; 6,12; 6,7; 7,12; 7,13; 7,8; 8,13; 8,10; 8,9; 9,10; 10,13; 10,11; 11,13; 11,12; 12,13
  73: 1,2; 1,3; 1,4; 1,5; 2,5; 2,6; 2,7; 2,8; 2,9; 2,3; 3,9; 3,4; 4,9; 4,10; 4,5; 5,10; 5,6; 6,10; 6,11; 6,7; 7,11; 7,12; 7,13; 7,8; 8,13; 8,10; 8,9; 9,10; 10,13; 10,12; 10,11; 11,12; 12,13
  74: 1,2; 1,3; 1,4; 1,5; 2,5; 2,6; 2,7; 2,8; 2,9; 2,3; 3,9; 3,4; 4,9; 4,10; 4,5; 5,10; 5,11; 5,6; 6,11; 6,7; 7,11; 7,12; 7,13; 7,8; 8,13; 8,10; 8,9; 9,10; 10,13; 10,12; 10,11; 11,12; 12,13
  75: 1,2; 1,3; 1,4; 1,5; 2,5; 2,6; 2,7; 2,8; 2,9; 2,3; 3,9; 3,4; 4,9; 4,10; 4,5; 5,10; 5,6; 6,10; 6,11; 6,12; 6,7; 7,12; 7,8; 8,12; 8,13; 8,10; 8,9; 9,10; 10,13; 10,11; 11,13; 11,12; 12,13
  76: 1,2; 1,3; 1,4; 1,5; 2,5; 2,6; 2,7; 2,8; 2,9; 2,3; 3,9; 3,4; 4,9; 4,10; 4,5; 5,10; 5,6; 6,10; 6,11; 6,12; 6,7; 7,12; 7,13; 7,8; 8,13; 8,9; 9,13; 9,10; 10,13; 10,11; 11,13; 11,12; 12,13
  77: 1,2; 1,3; 1,4; 1,5; 2,5; 2,6; 2,7; 2,8; 2,9; 2,3; 3,9; 3,4; 4,9; 4,10; 4,5; 5,10; 5,6; 6,10; 6,11; 6,12; 6,7; 7,12; 7,13; 7,8; 8,13; 8,11; 8,10; 8,9; 9,10; 10,11; 11,13; 11,12; 12,13
  78: 1,2; 1,3; 1,4; 1,5; 2,5; 2,6; 2,7; 2,8; 2,9; 2,3; 3,9; 3,4; 4,9; 4,10; 4,5; 5,10; 5,6; 6,10; 6,11; 6,12; 6,13; 6,7; 7,13; 7,8; 8,13; 8,12; 8,11; 8,10; 8,9; 9,10; 10,11; 11,12; 12,13
  79: 1,2; 1,3; 1,4; 1,5; 2,5; 2,6; 2,3; 3,6; 3,7; 3,4; 4,7; 4,8; 4,9; 4,5; 5,9; 5,10; 5,11; 5,12; 5,6; 6,12; 6,7; 7,12; 7,13; 7,8; 8,13; 8,10; 8,9; 9,10; 10,13; 10,11; 11,13; 11,12; 12,13
  80: 1,2; 1,3; 1,4; 1,5; 2,5; 2,6; 2,3; 3,6; 3,7; 3,4; 4,7; 4,8; 4,5; 5,8; 5,9; 5,10; 5,11; 5,6; 6,11; 6,7; 7,11; 7,12; 7,8; 8,12; 8,9; 9,12; 9,13; 9,10; 10,13; 10,11; 11,13; 11,12; 12,13
  81: 1,2; 1,3; 1,4; 1,5; 2,5; 2,6; 2,3; 3,6; 3,7; 3,4; 4,7; 4,8; 4,5; 5,8; 5,9; 5,10; 5,11; 5,12; 5,6; 6,12; 6,7; 7,12; 7,13; 7,8; 8,13; 8,9; 9,13; 9,10; 10,13; 10,11; 11,13; 11,12; 12,13
  82: 1,2; 1,3; 1,4; 1,5; 1,6; 2,6; 2,7; 2,8; 2,3; 3,8; 3,9; 3,4; 4,9; 4,10; 4,5; 5,10; 5,11; 5,12; 5,7; 5,6; 6,7; 7,12; 7,8; 8,12; 8,9; 9,12; 9,13; 9,10; 10,13; 10,11; 11,13; 11,12; 12,13
  83: 1,2; 1,3; 1,4; 1,5; 2,5; 2,6; 2,7; 2,3; 3,7; 3,8; 3,4; 4,8; 4,9; 4,5; 5,9; 5,10; 5,11; 5,6; 6,11; 6,12; 6,7; 7,12; 7,8; 8,12; 8,13; 8,9; 9,13; 9,10; 10,13; 10,12; 10,11; 11,12; 12,13
  84: 1,2; 1,3; 1,4; 1,5; 1,6; 2,6; 2,7; 2,8; 2,3; 3,8; 3,9; 3,4; 4,9; 4,10; 4,5; 5,10; 5,6; 6,10; 6,11; 6,12; 6,7; 7,12; 7,8; 8,12; 8,9; 9,12; 9,13; 9,10; 10,13; 10,11; 11,13; 11,12; 12,13
  85: 1,2; 1,3; 1,4; 1,5; 2,5; 2,6; 2,7; 2,8; 2,9; 2,3; 3,9; 3,10; 3,4; 4,10; 4,11; 4,5; 5,11; 5,12; 5,6; 6,12; 6,7; 7,12; 7,13; 7,8; 8,13; 8,11; 8,10; 8,9; 9,10; 10,11; 11,13; 11,12; 12,13
  86: 1,2; 1,3; 1,4; 1,5; 1,6; 2,6; 2,7; 2,3; 3,7; 3,8; 3,4; 4,8; 4,5; 5,8; 5,9; 5,6; 6,9; 6,10; 6,7; 7,10; 7,11; 7,12; 7,8; 8,12; 8,9; 9,12; 9,13; 9,10; 10,13; 10,11; 11,13; 11,12; 12,13
  87: 1,2; 1,3; 1,4; 1,5; 1,6; 2,6; 2,7; 2,8; 2,9; 2,10; 2,3; 3,10; 3,11; 3,4; 4,11; 4,5; 5,11; 5,12; 5,6; 6,12; 6,7; 7,12; 7,13; 7,8; 8,13; 8,9; 9,13; 9,12; 9,11; 9,10; 10,11; 11,12; 12,13
  88: 1,2; 1,3; 1,4; 1,5; 1,6; 1,7; 2,7; 2,8; 2,9; 2,10; 2,11; 2,3; 3,11; 3,4; 4,11; 4,5; 5,11; 5,6; 6,11; 6,12; 6,7; 7,12; 7,8; 8,12; 8,13; 8,9; 9,13; 9,10; 10,13; 10,12; 10,11; 11,12; 12,13
  89: 1,2; 1,3; 1,4; 1,5; 1,6; 1,7; 2,7; 2,8; 2,3; 3,8; 3,4; 4,8; 4,9; 4,5; 5,9; 5,10; 5,6; 6,10; 6,7; 7,10; 7,11; 7,12; 7,8; 8,12; 8,9; 9,12; 9,13; 9,10; 10,13; 10,11; 11,13; 11,12; 12,13
  90: 1,2; 1,3; 1,4; 1,5; 1,6; 2,6; 2,7; 2,8; 2,9; 2,10; 2,3; 3,10; 3,4; 4,10; 4,5; 5,10; 5,11; 5,6; 6,11; 6,12; 6,7; 7,12; 7,8; 8,12; 8,13; 8,9; 9,13; 9,11; 9,10; 10,11; 11,13; 11,12; 12,13
  91: 1,2; 1,3; 1,4; 1,5; 1,6; 2,6; 2,7; 2,8; 2,9; 2,10; 2,3; 3,10; 3,4; 4,10; 4,5; 5,10; 5,11; 5,6; 6,11; 6,7; 7,11; 7,12; 7,13; 7,8; 8,13; 8,9; 9,13; 9,12; 9,11; 9,10; 10,11; 11,12; 12,13
  92: 1,2; 1,3; 1,4; 1,5; 2,5; 2,6; 2,7; 2,3; 3,7; 3,8; 3,9; 3,10; 3,11; 3,4; 4,11; 4,5; 5,11; 5,12; 5,6; 6,12; 6,9; 6,8; 6,7; 7,8; 8,9; 9,12; 9,13; 9,10; 10,13; 10,11; 11,13; 11,12; 12,13
  93: 1,2; 1,3; 1,4; 1,5; 2,5; 2,6; 2,7; 2,3; 3,7; 3,8; 3,9; 3,10; 3,11; 3,12; 3,4; 4,12; 4,5; 5,12; 5,13; 5,6; 6,13; 6,9; 6,8; 6,7; 7,8; 8,9; 9,13; 9,10; 10,13; 10,11; 11,13; 11,12; 12,13
  94: 1,2; 1,3; 1,4; 1,5; 2,5; 2,6; 2,7; 2,8; 2,9; 2,10; 2,11; 2,3; 3,11; 3,4; 4,11; 4,10; 4,12; 4,13; 4,5; 5,13; 5,6; 6,13; 6,7; 7,13; 7,8; 8,13; 8,12; 8,9; 9,12; 9,10; 10,12; 10,11; 12,13
  95: 1,2; 1,3; 1,4; 1,5; 2,5; 2,6; 2,7; 2,8; 2,9; 2,10; 2,11; 2,3; 3,11; 3,4; 4,11; 4,10; 4,12; 4,13; 4,5; 5,13; 5,6; 6,13; 6,7; 7,13; 7,8; 8,13; 8,9; 9,13; 9,12; 9,10; 10,12; 10,11; 12,13
  96: 1,2; 1,3; 1,4; 1,5; 2,5; 2,6; 2,7; 2,8; 2,9; 2,10; 2,11; 2,12; 2,3; 3,12; 3,4; 4,12; 4,11; 4,10; 4,9; 4,13; 4,5; 5,13; 5,6; 6,13; 6,7; 7,13; 7,8; 8,13; 8,9; 9,13; 9,10; 10,11; 11,12
  97: 1,2; 1,3; 1,4; 1,5; 2,5; 2,6; 2,7; 2,8; 2,9; 2,10; 2,11; 2,3; 3,11; 3,4; 4,11; 4,12; 4,9; 4,13; 4,5; 5,13; 5,6; 6,13; 6,7; 7,13; 7,8; 8,13; 8,9; 9,13; 9,12; 9,10; 10,12; 10,11; 11,12
  98: 1,2; 1,3; 1,4; 1,5; 2,5; 2,6; 2,7; 2,8; 2,9; 2,10; 2,11; 2,3; 3,11; 3,4; 4,11; 4,10; 4,9; 4,12; 4,5; 5,12; 5,6; 6,12; 6,13; 6,7; 7,13; 7,8; 8,13; 8,12; 8,9; 9,12; 9,10; 10,11; 12,13
  99: 1,2; 1,3; 1,4; 1,5; 2,5; 2,6; 2,7; 2,8; 2,9; 2,10; 2,11; 2,3; 3,11; 3,4; 4,11; 4,10; 4,9; 4,12; 4,5; 5,12; 5,13; 5,6; 6,13; 6,7; 7,13; 7,8; 8,13; 8,9; 9,13; 9,12; 9,10; 10,11; 12,13
  100: 1,2; 1,3; 1,4; 1,5; 2,5; 2,6; 2,7; 2,8; 2,9; 2,3; 3,9; 3,10; 3,4; 4,10; 4,11; 4,12; 4,13; 4,8; 4,7; 4,6; 4,5; 5,6; 6,7; 7,8; 8,13; 8,9; 9,13; 9,12; 9,11; 9,10; 10,11; 11,12; 12,13
  101: 1,2; 1,3; 1,4; 1,5; 1,6; 2,6; 2,7; 2,8; 2,9; 2,3; 3,9; 3,10; 3,11; 3,4; 4,11; 4,5; 5,11; 5,7; 5,6; 6,7; 7,11; 7,8; 8,11; 8,12; 8,9; 9,12; 9,13; 9,10; 10,13; 10,11; 11,13; 11,12; 12,13
  102: 1,2; 1,3; 1,4; 1,5; 1,6; 1,7; 2,7; 2,8; 2,9; 2,10; 2,3; 3,10; 3,11; 3,4; 4,11; 4,12; 4,13; 4,9; 4,8; 4,5; 5,8; 5,6; 6,8; 6,7; 7,8; 8,9; 9,13; 9,10; 10,13; 10,12; 10,11; 11,12; 12,13
  103: 1,2; 1,3; 1,4; 1,5; 1,6; 1,7; 2,7; 2,8; 2,3; 3,8; 3,4; 4,8; 4,9; 4,10; 4,5; 5,10; 5,11; 5,6; 6,11; 6,7; 7,11; 7,12; 7,13; 7,9; 7,8; 8,9; 9,13; 9,10; 10,13; 10,12; 10,11; 11,12; 12,13
  104: 1,2; 1,3; 1,4; 1,5; 1,6; 2,6; 2,7; 2,8; 2,9; 2,10; 2,11; 2,3; 3,11; 3,4; 4,11; 4,5; 5,11; 5,10; 5,12; 5,6; 6,12; 6,7; 7,12; 7,13; 7,8; 8,13; 8,9; 9,13; 9,12; 9,10; 10,12; 10,11; 12,13
  105: 1,2; 1,3; 1,4; 1,5; 2,5; 2,6; 2,7; 2,8; 2,3; 3,8; 3,9; 3,10; 3,4; 4,10; 4,11; 4,12; 4,7; 4,6; 4,5; 5,6; 6,7; 7,12; 7,13; 7,8; 8,13; 8,9; 9,13; 9,12; 9,11; 9,10; 10,11; 11,12; 12,13
  106: 1,2; 1,3; 1,4; 1,5; 1,6; 2,6; 2,7; 2,8; 2,9; 2,3; 3,9; 3,10; 3,11; 3,4; 4,11; 4,5; 5,11; 5,12; 5,13; 5,8; 5,7; 5,6; 6,7; 7,8; 8,13; 8,10; 8,9; 9,10; 10,13; 10,12; 10,11; 11,12; 12,13
  107: 1,2; 1,3; 1,4; 1,5; 2,5; 2,6; 2,7; 2,8; 2,9; 2,10; 2,3; 3,10; 3,4; 4,10; 4,9; 4,11; 4,5; 5,11; 5,12; 5,6; 6,12; 6,13; 6,7; 7,13; 7,8; 8,13; 8,12; 8,9; 9,12; 9,11; 9,10; 11,12; 12,13
  108: 1,2; 1,3; 1,4; 1,5; 2,5; 2,6; 2,7; 2,3; 3,7; 3,8; 3,4; 4,8; 4,9; 4,10; 4,5; 5,10; 5,11; 5,6; 6,11; 6,12; 6,7; 7,12; 7,13; 7,8; 8,13; 8,9; 9,13; 9,10; 10,13; 10,12; 10,11; 11,12; 12,13
  109: 1,2; 1,3; 1,4; 1,5; 1,6; 2,6; 2,7; 2,8; 2,3; 3,8; 3,9; 3,4; 4,9; 4,10; 4,11; 4,5; 5,11; 5,12; 5,7; 5,6; 6,7; 7,12; 7,8; 8,12; 8,13; 8,9; 9,13; 9,10; 10,13; 10,11; 11,13; 11,12; 12,13
  110: 1,2; 1,3; 1,4; 1,5; 1,6; 2,6; 2,7; 2,8; 2,3; 3,8; 3,9; 3,4; 4,9; 4,10; 4,11; 4,5; 5,11; 5,6; 6,11; 6,12; 6,7; 7,12; 7,8; 8,12; 8,13; 8,9; 9,13; 9,10; 10,13; 10,11; 11,13; 11,12; 12,13
  111: 1,2; 1,3; 1,4; 1,5; 2,5; 2,6; 2,7; 2,8; 2,3; 3,8; 3,4; 4,8; 4,9; 4,10; 4,5; 5,10; 5,11; 5,6; 6,11; 6,12; 6,7; 7,12; 7,13; 7,8; 8,13; 8,9; 9,13; 9,10; 10,13; 10,12; 10,11; 11,12; 12,13
  112: 1,2; 1,3; 1,4; 1,5; 1,6; 2,6; 2,7; 2,8; 2,9; 2,3; 3,9; 3,4; 4,9; 4,10; 4,5; 5,10; 5,11; 5,7; 5,6; 6,7; 7,11; 7,12; 7,8; 8,12; 8,13; 8,9; 9,13; 9,10; 10,13; 10,12; 10,11; 11,12; 12,13
  113: 1,2; 1,3; 1,4; 1,5; 2,5; 2,6; 2,7; 2,8; 2,3; 3,8; 3,4; 4,8; 4,9; 4,5; 5,9; 5,10; 5,6; 6,10; 6,11; 6,7; 7,11; 7,12; 7,8; 8,12; 8,9; 9,12; 9,13; 9,10; 10,13; 10,11; 11,13; 11,12; 12,13
  114: 1,2; 1,3; 1,4; 1,5; 1,6; 2,6; 2,7; 2,3; 3,7; 3,8; 3,4; 4,8; 4,9; 4,10; 4,5; 5,10; 5,11; 5,6; 6,11; 6,12; 6,7; 7,12; 7,13; 7,8; 8,13; 8,9; 9,13; 9,10; 10,13; 10,12; 10,11; 11,12; 12,13
  115: 1,2; 1,3; 1,4; 1,5; 1,6; 2,6; 2,7; 2,8; 2,9; 2,3; 3,9; 3,4; 4,9; 4,10; 4,5; 5,10; 5,11; 5,6; 6,11; 6,12; 6,7; 7,12; 7,13; 7,8; 8,13; 8,9; 9,13; 9,10; 10,13; 10,12; 10,11; 11,12; 12,13
  116: 1,2; 1,3; 1,4; 1,5; 2,5; 2,6; 2,7; 2,8; 2,3; 3,8; 3,9; 3,10; 3,4; 4,10; 4,5; 5,10; 5,11; 5,6; 6,11; 6,12; 6,7; 7,12; 7,13; 7,8; 8,13; 8,9; 9,13; 9,11; 9,10; 10,11; 11,13; 11,12; 12,13
  117: 1,2; 1,3; 1,4; 1,5; 2,5; 2,6; 2,7; 2,8; 2,3; 3,8; 3,9; 3,10; 3,4; 4,10; 4,5; 5,10; 5,11; 5,6; 6,11; 6,12; 6,7; 7,12; 7,13; 7,8; 8,13; 8,9; 9,13; 9,12; 9,10; 10,12; 10,11; 11,12; 12,13
  118: 1,2; 1,3; 1,4; 1,5; 1,6; 2,6; 2,7; 2,8; 2,9; 2,3; 3,9; 3,10; 3,11; 3,4; 4,11; 4,5; 5,11; 5,12; 5,7; 5,6; 6,7; 7,12; 7,8; 8,12; 8,13; 8,9; 9,13; 9,10; 10,13; 10,12; 10,11; 11,12; 12,13
  119: 1,2; 1,3; 1,4; 1,5; 1,6; 2,6; 2,7; 2,8; 2,9; 2,3; 3,9; 3,4; 4,9; 4,10; 4,11; 4,5; 5,11; 5,6; 6,11; 6,12; 6,7; 7,12; 7,8; 8,12; 8,13; 8,9; 9,13; 9,10; 10,13; 10,12; 10,11; 11,12; 12,13
  120: 1,2; 1,3; 1,4; 1,5; 2,5; 2,6; 2,7; 2,8; 2,3; 3,8; 3,4; 4,8; 4,9; 4,10; 4,5; 5,10; 5,11; 5,6; 6,11; 6,12; 6,13; 6,7; 7,13; 7,9; 7,8; 8,9; 9,13; 9,12; 9,11; 9,10; 10,11; 11,12; 12,13
  121: 1,2; 1,3; 1,4; 1,5; 2,5; 2,6; 2,7; 2,8; 2,3; 3,8; 3,4; 4,8; 4,9; 4,5; 5,9; 5,10; 5,6; 6,10; 6,11; 6,12; 6,13; 6,7; 7,13; 7,9; 7,8; 8,9; 9,13; 9,12; 9,11; 9,10; 10,11; 11,12; 12,13
  122: 1,2; 1,3; 1,4; 1,5; 2,5; 2,6; 2,7; 2,8; 2,9; 2,3; 3,9; 3,4; 4,9; 4,10; 4,6; 4,5; 5,6; 6,10; 6,11; 6,7; 7,11; 7,12; 7,13; 7,8; 8,13; 8,10; 8,9; 9,10; 10,13; 10,12; 10,11; 11,12; 12,13
  123: 1,2; 1,3; 1,4; 1,5; 2,5; 2,6; 2,7; 2,8; 2,3; 3,8; 3,9; 3,10; 3,4; 4,10; 4,5; 5,10; 5,11; 5,6; 6,11; 6,9; 6,12; 6,13; 6,7; 7,13; 7,8; 8,13; 8,12; 8,9; 9,12; 9,11; 9,10; 10,11; 12,13
  124: 1,2; 1,3; 1,4; 1,5; 2,5; 2,6; 2,7; 2,8; 2,3; 3,8; 3,9; 3,10; 3,4; 4,10; 4,5; 5,10; 5,6; 6,10; 6,11; 6,12; 6,13; 6,7; 7,13; 7,8; 8,13; 8,12; 8,9; 9,12; 9,11; 9,10; 10,11; 11,12; 12,13
  125: 1,2; 1,3; 1,4; 1,5; 2,5; 2,6; 2,7; 2,8; 2,3; 3,8; 3,9; 3,10; 3,4; 4,10; 4,5; 5,10; 5,6; 6,10; 6,9; 6,11; 6,12; 6,7; 7,12; 7,13; 7,8; 8,13; 8,11; 8,9; 9,11; 9,10; 11,13; 11,12; 12,13
  126: 1,2; 1,3; 1,4; 1,5; 1,6; 2,6; 2,7; 2,8; 2,9; 2,3; 3,9; 3,10; 3,11; 3,4; 4,11; 4,12; 4,8; 4,5; 5,8; 5,7; 5,6; 6,7; 7,8; 8,12; 8,9; 9,12; 9,13; 9,10; 10,13; 10,11; 11,13; 11,12; 12,13
  127: 1,2; 1,3; 1,4; 1,5; 1,6; 2,6; 2,7; 2,8; 2,3; 3,8; 3,9; 3,10; 3,4; 4,10; 4,11; 4,12; 4,5; 5,12; 5,7; 5,6; 6,7; 7,12; 7,11; 7,8; 8,11; 8,13; 8,9; 9,13; 9,10; 10,13; 10,11; 11,13; 11,12
  128: 1,2; 1,3; 1,4; 1,5; 1,6; 1,7; 2,7; 2,8; 2,9; 2,3; 3,9; 3,10; 3,11; 3,4; 4,11; 4,12; 4,8; 4,5; 5,8; 5,6; 6,8; 6,7; 7,8; 8,12; 8,9; 9,12; 9,13; 9,10; 10,13; 10,11; 11,13; 11,12; 12,13
  129: 1,2; 1,3; 1,4; 1,5; 1,6; 2,6; 2,7; 2,3; 3,7; 3,8; 3,4; 4,8; 4,9; 4,5; 5,9; 5,10; 5,11; 5,6; 6,11; 6,12; 6,8; 6,7; 7,8; 8,12; 8,9; 9,12; 9,13; 9,10; 10,13; 10,11; 11,13; 11,12; 12,13
  130: 1,2; 1,3; 1,4; 1,5; 1,6; 2,6; 2,7; 2,8; 2,9; 2,3; 3,9; 3,4; 4,9; 4,5; 5,9; 5,10; 5,11; 5,6; 6,11; 6,12; 6,7; 7,12; 7,13; 7,8; 8,13; 8,11; 8,10; 8,9; 9,10; 10,11; 11,13; 11,12; 12,13
  131: 1,2; 1,3; 1,4; 1,5; 1,6; 2,6; 2,7; 2,8; 2,3; 3,8; 3,9; 3,10; 3,4; 4,10; 4,5; 5,10; 5,11; 5,6; 6,11; 6,12; 6,7; 7,12; 7,13; 7,8; 8,13; 8,9; 9,13; 9,11; 9,10; 10,11; 11,13; 11,12; 12,13
  132: 1,2; 1,3; 1,4; 1,5; 1,6; 2,6; 2,7; 2,8; 2,9; 2,10; 2,3; 3,10; 3,4; 4,10; 4,11; 4,5; 5,11; 5,12; 5,13; 5,6; 6,13; 6,7; 7,13; 7,8; 8,13; 8,12; 8,9; 9,12; 9,11; 9,10; 10,11; 11,12; 12,13
  133: 1,2; 1,3; 1,4; 1,5; 1,6; 2,6; 2,7; 2,8; 2,9; 2,10; 2,11; 2,3; 3,11; 3,4; 4,11; 4,12; 4,5; 5,12; 5,13; 5,7; 5,6; 6,7; 7,13; 7,8; 8,13; 8,9; 9,13; 9,10; 10,13; 10,12; 10,11; 11,12; 12,13
  134: 1,2; 1,3; 1,4; 1,5; 2,5; 2,6; 2,7; 2,8; 2,9; 2,10; 2,3; 3,10; 3,4; 4,10; 4,11; 4,5; 5,11; 5,12; 5,6; 6,12; 6,13; 6,7; 7,13; 7,8; 8,13; 8,9; 9,13; 9,11; 9,10; 10,11; 11,13; 11,12; 12,13
  135: 1,2; 1,3; 1,4; 1,5; 2,5; 2,6; 2,7; 2,8; 2,9; 2,10; 2,11; 2,3; 3,11; 3,4; 4,11; 4,12; 4,5; 5,12; 5,13; 5,6; 6,13; 6,7; 7,13; 7,8; 8,13; 8,9; 9,13; 9,10; 10,13; 10,12; 10,11; 11,12; 12,13
  136: 1,2; 1,3; 1,4; 1,5; 2,5; 2,6; 2,7; 2,8; 2,9; 2,10; 2,3; 3,10; 3,4; 4,10; 4,11; 4,5; 5,11; 5,12; 5,6; 6,12; 6,7; 7,12; 7,8; 8,12; 8,13; 8,9; 9,13; 9,10; 10,13; 10,11; 11,13; 11,12; 12,13
  137: 1,2; 1,3; 1,4; 1,5; 2,5; 2,6; 2,7; 2,8; 2,9; 2,10; 2,3; 3,10; 3,11; 3,4; 4,11; 4,12; 4,5; 5,12; 5,13; 5,6; 6,13; 6,7; 7,13; 7,8; 8,13; 8,9; 9,13; 9,12; 9,11; 9,10; 10,11; 11,12; 12,13
  138: 1,2; 1,3; 1,4; 1,5; 1,6; 2,6; 2,7; 2,8; 2,9; 2,10; 2,11; 2,3; 3,11; 3,4; 4,11; 4,5; 5,11; 5,12; 5,6; 6,12; 6,13; 6,7; 7,13; 7,8; 8,13; 8,9; 9,13; 9,10; 10,13; 10,12; 10,11; 11,12; 12,13
  139: 1,2; 1,3; 1,4; 1,5; 2,5; 2,6; 2,7; 2,3; 3,7; 3,8; 3,4; 4,8; 4,9; 4,10; 4,6; 4,5; 5,6; 6,10; 6,11; 6,12; 6,13; 6,7; 7,13; 7,8; 8,13; 8,9; 9,13; 9,12; 9,11; 9,10; 10,11; 11,12; 12,13
  140: 1,2; 1,3; 1,4; 1,5; 2,5; 2,6; 2,3; 3,6; 3,7; 3,4; 4,7; 4,8; 4,9; 4,5; 5,9; 5,10; 5,11; 5,12; 5,6; 6,12; 6,7; 7,12; 7,8; 8,12; 8,11; 8,13; 8,9; 9,13; 9,10; 10,13; 10,11; 11,13; 11,12
  141: 1,2; 1,3; 1,4; 1,5; 2,5; 2,6; 2,3; 3,6; 3,7; 3,8; 3,4; 4,8; 4,5; 5,8; 5,9; 5,10; 5,11; 5,12; 5,6; 6,12; 6,7; 7,12; 7,13; 7,8; 8,13; 8,9; 9,13; 9,10; 10,13; 10,11; 11,13; 11,12; 12,13
  142: 1,2; 1,3; 1,4; 1,5; 2,5; 2,6; 2,7; 2,8; 2,9; 2,3; 3,9; 3,10; 3,11; 3,12; 3,4; 4,12; 4,5; 5,12; 5,6; 6,12; 6,11; 6,7; 7,11; 7,13; 7,8; 8,13; 8,9; 9,13; 9,10; 10,13; 10,11; 11,13; 11,12
  143: 1,2; 1,3; 1,4; 1,5; 1,6; 2,6; 2,7; 2,8; 2,9; 2,10; 2,3; 3,10; 3,4; 4,10; 4,11; 4,12; 4,13; 4,5; 5,13; 5,6; 6,13; 6,7; 7,13; 7,12; 7,8; 8,12; 8,11; 8,9; 9,11; 9,10; 10,11; 11,12; 12,13
  144: 1,2; 1,3; 1,4; 1,5; 2,5; 2,6; 2,7; 2,8; 2,9; 2,10; 2,3; 3,10; 3,4; 4,10; 4,11; 4,5; 5,11; 5,12; 5,13; 5,6; 6,13; 6,7; 7,13; 7,8; 8,13; 8,12; 8,9; 9,12; 9,11; 9,10; 10,11; 11,12; 12,13
  145: 1,2; 1,3; 1,4; 1,5; 2,5; 2,6; 2,7; 2,8; 2,9; 2,3; 3,9; 3,4; 4,9; 4,10; 4,5; 5,10; 5,11; 5,12; 5,6; 6,12; 6,7; 7,12; 7,11; 7,13; 7,8; 8,13; 8,9; 9,13; 9,10; 10,13; 10,11; 11,13; 11,12
  146: 1,2; 1,3; 1,4; 1,5; 2,5; 2,6; 2,7; 2,8; 2,9; 2,3; 3,9; 3,10; 3,4; 4,10; 4,11; 4,5; 5,11; 5,12; 5,6; 6,12; 6,7; 7,12; 7,13; 7,8; 8,13; 8,10; 8,9; 9,10; 10,13; 10,11; 11,13; 11,12; 12,13
  147: 1,2; 1,3; 1,4; 1,5; 2,5; 2,6; 2,7; 2,8; 2,9; 2,3; 3,9; 3,4; 4,9; 4,10; 4,5; 5,10; 5,11; 5,6; 6,11; 6,12; 6,7; 7,12; 7,8; 8,12; 8,13; 8,9; 9,13; 9,10; 10,13; 10,11; 11,13; 11,12; 12,13
  148: 1,2; 1,3; 1,4; 1,5; 1,6; 2,6; 2,7; 2,3; 3,7; 3,8; 3,4; 4,8; 4,5; 5,8; 5,9; 5,6; 6,9; 6,10; 6,11; 6,7; 7,11; 7,12; 7,13; 7,8; 8,13; 8,9; 9,13; 9,10; 10,13; 10,12; 10,11; 11,12; 12,13
  149: 1,2; 1,3; 1,4; 1,5; 1,6; 2,6; 2,7; 2,8; 2,3; 3,8; 3,9; 3,10; 3,4; 4,10; 4,11; 4,12; 4,13; 4,5; 5,13; 5,7; 5,6; 6,7; 7,13; 7,12; 7,8; 8,12; 8,9; 9,12; 9,11; 9,10; 10,11; 11,12; 12,13
  150: 1,2; 1,3; 1,4; 1,5; 1,6; 1,7; 2,7; 2,8; 2,9; 2,3; 3,9; 3,10; 3,11; 3,4; 4,11; 4,12; 4,13; 4,8; 4,5; 5,8; 5,6; 6,8; 6,7; 7,8; 8,13; 8,9; 9,13; 9,10; 10,13; 10,12; 10,11; 11,12; 12,13
  151: 1,2; 1,3; 1,4; 1,5; 1,6; 2,6; 2,7; 2,3; 3,7; 3,8; 3,4; 4,8; 4,9; 4,5; 5,9; 5,10; 5,11; 5,6; 6,11; 6,12; 6,13; 6,8; 6,7; 7,8; 8,13; 8,9; 9,13; 9,10; 10,13; 10,12; 10,11; 11,12; 12,13
  152: 1,2; 1,3; 1,4; 1,5; 1,6; 1,7; 2,7; 2,8; 2,3; 3,8; 3,4; 4,8; 4,9; 4,5; 5,9; 5,10; 5,11; 5,6; 6,11; 6,7; 7,11; 7,12; 7,13; 7,8; 8,13; 8,9; 9,13; 9,10; 10,13; 10,12; 10,11; 11,12; 12,13
  153: 1,2; 1,3; 1,4; 1,5; 1,6; 2,6; 2,7; 2,8; 2,9; 2,10; 2,3; 3,10; 3,4; 4,10; 4,5; 5,10; 5,11; 5,6; 6,11; 6,12; 6,13; 6,7; 7,13; 7,8; 8,13; 8,12; 8,9; 9,12; 9,11; 9,10; 10,11; 11,12; 12,13
  154: 1,2; 1,3; 1,4; 1,5; 1,6; 2,6; 2,7; 2,8; 2,9; 2,10; 2,3; 3,10; 3,4; 4,10; 4,5; 5,10; 5,11; 5,6; 6,11; 6,12; 6,7; 7,12; 7,13; 7,8; 8,13; 8,9; 9,13; 9,12; 9,11; 9,10; 10,11; 11,12; 12,13
  155: 1,2; 1,3; 1,4; 1,5; 2,5; 2,6; 2,7; 2,3; 3,7; 3,8; 3,9; 3,4; 4,9; 4,5; 5,9; 5,10; 5,6; 6,10; 6,11; 6,12; 6,7; 7,12; 7,13; 7,8; 8,13; 8,11; 8,10; 8,9; 9,10; 10,11; 11,13; 11,12; 12,13
  156: 1,2; 1,3; 1,4; 1,5; 2,5; 2,6; 2,7; 2,3; 3,7; 3,8; 3,9; 3,4; 4,9; 4,5; 5,9; 5,10; 5,6; 6,10; 6,11; 6,12; 6,13; 6,7; 7,13; 7,8; 8,13; 8,12; 8,11; 8,10; 8,9; 9,10; 10,11; 11,12; 12,13
  157: 1,2; 1,3; 1,4; 1,5; 2,5; 2,6; 2,7; 2,3; 3,7; 3,8; 3,9; 3,4; 4,9; 4,5; 5,9; 5,10; 5,6; 6,10; 6,11; 6,12; 6,7; 7,12; 7,13; 7,8; 8,13; 8,9; 9,13; 9,10; 10,13; 10,11; 11,13; 11,12; 12,13
  158: 1,2; 1,3; 1,4; 1,5; 1,6; 2,6; 2,7; 2,8; 2,9; 2,3; 3,9; 3,4; 4,9; 4,10; 4,5; 5,10; 5,6; 6,10; 6,11; 6,7; 7,11; 7,12; 7,8; 8,12; 8,13; 8,9; 9,13; 9,10; 10,13; 10,11; 11,13; 11,12; 12,13
  159: 1,2; 1,3; 1,4; 1,5; 1,6; 2,6; 2,7; 2,8; 2,9; 2,10; 2,3; 3,10; 3,11; 3,4; 4,11; 4,12; 4,8; 4,5; 5,8; 5,7; 5,6; 6,7; 7,8; 8,12; 8,9; 9,12; 9,13; 9,10; 10,13; 10,11; 11,13; 11,12; 12,13
  160: 1,2; 1,3; 1,4; 1,5; 1,6; 2,6; 2,7; 2,8; 2,9; 2,3; 3,9; 3,10; 3,4; 4,10; 4,11; 4,12; 4,5; 5,12; 5,7; 5,6; 6,7; 7,12; 7,11; 7,8; 8,11; 8,13; 8,9; 9,13; 9,10; 10,13; 10,11; 11,13; 11,12
  161: 1,2; 1,3; 1,4; 1,5; 1,6; 1,7; 2,7; 2,8; 2,9; 2,10; 2,3; 3,10; 3,11; 3,4; 4,11; 4,12; 4,8; 4,5; 5,8; 5,6; 6,8; 6,7; 7,8; 8,12; 8,9; 9,12; 9,13; 9,10; 10,13; 10,11; 11,13; 11,12; 12,13
  162: 1,2; 1,3; 1,4; 1,5; 1,6; 2,6; 2,7; 2,8; 2,9; 2,3; 3,9; 3,4; 4,9; 4,10; 4,11; 4,5; 5,11; 5,6; 6,11; 6,12; 6,7; 7,12; 7,8; 8,12; 8,13; 8,9; 9,13; 9,10; 10,13; 10,11; 11,13; 11,12; 12,13
  163: 1,2; 1,3; 1,4; 1,5; 2,5; 2,6; 2,7; 2,8; 2,3; 3,8; 3,4; 4,8; 4,9; 4,10; 4,5; 5,10; 5,6; 6,10; 6,11; 6,7; 7,11; 7,12; 7,13; 7,8; 8,13; 8,9; 9,13; 9,12; 9,11; 9,10; 10,11; 11,12; 12,13
  164: 1,2; 1,3; 1,4; 1,5; 2,5; 2,6; 2,7; 2,8; 2,3; 3,8; 3,9; 3,4; 4,9; 4,10; 4,11; 4,5; 5,11; 5,6; 6,11; 6,12; 6,7; 7,12; 7,13; 7,9; 7,8; 8,9; 9,13; 9,10; 10,13; 10,12; 10,11; 11,12; 12,13
  165: 1,2; 1,3; 1,4; 1,5; 2,5; 2,6; 2,7; 2,8; 2,3; 3,8; 3,9; 3,4; 4,9; 4,10; 4,11; 4,5; 5,11; 5,12; 5,6; 6,12; 6,7; 7,12; 7,13; 7,8; 8,13; 8,9; 9,13; 9,10; 10,13; 10,12; 10,11; 11,12; 12,13
  166: 1,2; 1,3; 1,4; 1,5; 2,5; 2,6; 2,7; 2,3; 3,7; 3,8; 3,9; 3,4; 4,9; 4,10; 4,11; 4,5; 5,11; 5,12; 5,6; 6,12; 6,7; 7,12; 7,13; 7,8; 8,13; 8,10; 8,9; 9,10; 10,13; 10,12; 10,11; 11,12; 12,13
  167: 1,2; 1,3; 1,4; 1,5; 2,5; 2,6; 2,3; 3,6; 3,7; 3,8; 3,4; 4,8; 4,9; 4,10; 4,5; 5,10; 5,11; 5,6; 6,11; 6,12; 6,7; 7,12; 7,13; 7,8; 8,13; 8,9; 9,13; 9,10; 10,13; 10,11; 11,13; 11,12; 12,13
  168: 1,2; 1,3; 1,4; 1,5; 2,5; 2,6; 2,7; 2,8; 2,3; 3,8; 3,9; 3,10; 3,4; 4,10; 4,11; 4,6; 4,5; 5,6; 6,11; 6,7; 7,11; 7,12; 7,13; 7,8; 8,13; 8,9; 9,13; 9,10; 10,13; 10,12; 10,11; 11,12; 12,13
  169: 1,2; 1,3; 1,4; 1,5; 2,5; 2,6; 2,7; 2,8; 2,3; 3,8; 3,9; 3,10; 3,4; 4,10; 4,11; 4,6; 4,5; 5,6; 6,11; 6,12; 6,7; 7,12; 7,10; 7,13; 7,8; 8,13; 8,9; 9,13; 9,10; 10,13; 10,12; 10,11; 11,12
  170: 1,2; 1,3; 1,4; 1,5; 2,5; 2,6; 2,7; 2,8; 2,3; 3,8; 3,9; 3,10; 3,4; 4,10; 4,11; 4,6; 4,5; 5,6; 6,11; 6,12; 6,7; 7,12; 7,8; 8,12; 8,13; 8,9; 9,13; 9,10; 10,13; 10,12; 10,11; 11,12; 12,13
  171: 1,2; 1,3; 1,4; 1,5; 1,6; 2,6; 2,7; 2,8; 2,9; 2,3; 3,9; 3,4; 4,9; 4,10; 4,11; 4,5; 5,11; 5,12; 5,7; 5,6; 6,7; 7,12; 7,8; 8,12; 8,11; 8,13; 8,9; 9,13; 9,10; 10,13; 10,11; 11,13; 11,12
  172: 1,2; 1,3; 1,4; 1,5; 2,5; 2,6; 2,7; 2,8; 2,9; 2,3; 3,9; 3,4; 4,9; 4,8; 4,10; 4,11; 4,5; 5,11; 5,12; 5,6; 6,12; 6,13; 6,10; 6,7; 7,10; 7,8; 8,10; 8,9; 10,13; 10,11; 11,13; 11,12; 12,13
  173: 1,2; 1,3; 1,4; 1,5; 2,5; 2,6; 2,7; 2,8; 2,9; 2,10; 2,3; 3,10; 3,4; 4,10; 4,9; 4,8; 4,7; 4,11; 4,5; 5,11; 5,12; 5,6; 6,12; 6,13; 6,7; 7,13; 7,11; 7,8; 8,9; 9,10; 11,13; 11,12; 12,13
  174: 1,2; 1,3; 1,4; 1,5; 2,5; 2,6; 2,7; 2,8; 2,9; 2,3; 3,9; 3,4; 4,9; 4,10; 4,7; 4,11; 4,5; 5,11; 5,12; 5,6; 6,12; 6,13; 6,7; 7,13; 7,11; 7,10; 7,8; 8,10; 8,9; 9,10; 11,13; 11,12; 12,13
  175: 1,2; 1,3; 1,4; 1,5; 2,5; 2,6; 2,7; 2,8; 2,3; 3,8; 3,9; 3,10; 3,4; 4,10; 4,7; 4,6; 4,5; 5,6; 6,7; 7,10; 7,11; 7,8; 8,11; 8,12; 8,13; 8,9; 9,13; 9,10; 10,13; 10,12; 10,11; 11,12; 12,13
  176: 1,2; 1,3; 1,4; 1,5; 1,6; 1,7; 2,7; 2,8; 2,9; 2,10; 2,3; 3,10; 3,11; 3,12; 3,4; 4,12; 4,9; 4,8; 4,5; 5,8; 5,6; 6,8; 6,7; 7,8; 8,9; 9,12; 9,13; 9,10; 10,13; 10,11; 11,13; 11,12; 12,13
  177: 1,2; 1,3; 1,4; 1,5; 2,5; 2,6; 2,7; 2,8; 2,9; 2,3; 3,9; 3,4; 4,9; 4,10; 4,11; 4,12; 4,5; 5,12; 5,13; 5,6; 6,13; 6,7; 7,13; 7,11; 7,10; 7,8; 8,10; 8,9; 9,10; 10,11; 11,13; 11,12; 12,13
  178: 1,2; 1,3; 1,4; 1,5; 2,5; 2,6; 2,7; 2,8; 2,9; 2,3; 3,9; 3,4; 4,9; 4,10; 4,11; 4,6; 4,5; 5,6; 6,11; 6,12; 6,7; 7,12; 7,8; 8,12; 8,13; 8,10; 8,9; 9,10; 10,13; 10,11; 11,13; 11,12; 12,13
  179: 1,2; 1,3; 1,4; 1,5; 2,5; 2,6; 2,7; 2,8; 2,9; 2,3; 3,9; 3,10; 3,4; 4,10; 4,11; 4,12; 4,6; 4,5; 5,6; 6,12; 6,7; 7,12; 7,13; 7,8; 8,13; 8,11; 8,10; 8,9; 9,10; 10,11; 11,13; 11,12; 12,13
  180: 1,2; 1,3; 1,4; 1,5; 2,5; 2,6; 2,7; 2,3; 3,7; 3,8; 3,9; 3,10; 3,4; 4,10; 4,6; 4,5; 5,6; 6,10; 6,11; 6,12; 6,7; 7,12; 7,8; 8,12; 8,13; 8,9; 9,13; 9,11; 9,10; 10,11; 11,13; 11,12; 12,13
  181: 1,2; 1,3; 1,4; 1,5; 2,5; 2,6; 2,3; 3,6; 3,7; 3,8; 3,9; 3,4; 4,9; 4,5; 5,9; 5,10; 5,11; 5,6; 6,11; 6,12; 6,7; 7,12; 7,13; 7,8; 8,13; 8,9; 9,13; 9,10; 10,13; 10,12; 10,11; 11,12; 12,13
  182: 1,2; 1,3; 1,4; 1,5; 2,5; 2,6; 2,3; 3,6; 3,7; 3,8; 3,9; 3,4; 4,9; 4,5; 5,9; 5,10; 5,11; 5,6; 6,11; 6,12; 6,7; 7,12; 7,13; 7,8; 8,13; 8,10; 8,9; 9,10; 10,13; 10,11; 11,13; 11,12; 12,13
  183: 1,2; 1,3; 1,4; 1,5; 2,5; 2,6; 2,7; 2,3; 3,7; 3,8; 3,9; 3,10; 3,4; 4,10; 4,5; 5,10; 5,11; 5,12; 5,6; 6,12; 6,13; 6,8; 6,7; 7,8; 8,13; 8,9; 9,13; 9,11; 9,10; 10,11; 11,13; 11,12; 12,13
  184: 1,2; 1,3; 1,4; 1,5; 2,5; 2,6; 2,3; 3,6; 3,7; 3,8; 3,9; 3,4; 4,9; 4,10; 4,5; 5,10; 5,11; 5,12; 5,6; 6,12; 6,13; 6,7; 7,13; 7,11; 7,8; 8,11; 8,10; 8,9; 9,10; 10,11; 11,13; 11,12; 12,13
  185: 1,2; 1,3; 1,4; 1,5; 2,5; 2,6; 2,3; 3,6; 3,7; 3,8; 3,9; 3,4; 4,9; 4,5; 5,9; 5,10; 5,11; 5,6; 6,11; 6,12; 6,13; 6,7; 7,13; 7,8; 8,13; 8,10; 8,9; 9,10; 10,13; 10,12; 10,11; 11,12; 12,13
  186: 1,2; 1,3; 1,4; 1,5; 2,5; 2,6; 2,3; 3,6; 3,7; 3,8; 3,9; 3,4; 4,9; 4,5; 5,9; 5,10; 5,11; 5,6; 6,11; 6,12; 6,7; 7,12; 7,10; 7,13; 7,8; 8,13; 8,9; 9,13; 9,10; 10,13; 10,12; 10,11; 11,12
  187: 1,2; 1,3; 1,4; 1,5; 2,5; 2,6; 2,7; 2,3; 3,7; 3,8; 3,9; 3,10; 3,4; 4,10; 4,5; 5,10; 5,11; 5,12; 5,6; 6,12; 6,7; 7,12; 7,13; 7,8; 8,13; 8,11; 8,9; 9,11; 9,10; 10,11; 11,13; 11,12; 12,13
  188: 1,2; 1,3; 1,4; 1,5; 2,5; 2,6; 2,3; 3,6; 3,7; 3,8; 3,9; 3,4; 4,9; 4,5; 5,9; 5,10; 5,11; 5,6; 6,11; 6,12; 6,7; 7,12; 7,13; 7,8; 8,13; 8,9; 9,13; 9,10; 10,13; 10,11; 11,13; 11,12; 12,13
  189: 1,2; 1,3; 1,4; 1,5; 2,5; 2,6; 2,7; 2,3; 3,7; 3,8; 3,9; 3,10; 3,4; 4,10; 4,5; 5,10; 5,11; 5,12; 5,6; 6,12; 6,13; 6,8; 6,7; 7,8; 8,13; 8,11; 8,9; 9,11; 9,10; 10,11; 11,13; 11,12; 12,13
  190: 1,2; 1,3; 1,4; 1,5; 2,5; 2,6; 2,3; 3,6; 3,7; 3,8; 3,9; 3,4; 4,9; 4,5; 5,9; 5,10; 5,11; 5,6; 6,11; 6,12; 6,13; 6,7; 7,13; 7,10; 7,8; 8,10; 8,9; 9,10; 10,13; 10,12; 10,11; 11,12; 12,13
  191: 1,2; 1,3; 1,4; 1,5; 2,5; 2,6; 2,7; 2,8; 2,9; 2,3; 3,9; 3,4; 4,9; 4,10; 4,11; 4,12; 4,5; 5,12; 5,6; 6,12; 6,13; 6,7; 7,13; 7,8; 8,13; 8,10; 8,9; 9,10; 10,13; 10,11; 11,13; 11,12; 12,13
  192: 1,2; 1,3; 1,4; 1,5; 2,5; 2,6; 2,7; 2,8; 2,9; 2,3; 3,9; 3,4; 4,9; 4,10; 4,11; 4,12; 4,5; 5,12; 5,13; 5,6; 6,13; 6,11; 6,7; 7,11; 7,8; 8,11; 8,10; 8,9; 9,10; 10,11; 11,13; 11,12; 12,13
  193: 1,2; 1,3; 1,4; 1,5; 2,5; 2,6; 2,7; 2,8; 2,9; 2,3; 3,9; 3,4; 4,9; 4,10; 4,7; 4,11; 4,5; 5,11; 5,12; 5,13; 5,6; 6,13; 6,7; 7,13; 7,12; 7,11; 7,10; 7,8; 8,10; 8,9; 9,10; 11,12; 12,13
  194: 1,2; 1,3; 1,4; 1,5; 2,5; 2,6; 2,7; 2,8; 2,9; 2,3; 3,9; 3,4; 4,9; 4,10; 4,7; 4,11; 4,5; 5,11; 5,12; 5,6; 6,12; 6,7; 7,12; 7,11; 7,10; 7,13; 7,8; 8,13; 8,9; 9,13; 9,10; 10,13; 11,12
  195: 1,2; 1,3; 1,4; 1,5; 2,5; 2,6; 2,7; 2,8; 2,9; 2,10; 2,3; 3,10; 3,4; 4,10; 4,11; 4,12; 4,13; 4,6; 4,5; 5,6; 6,13; 6,7; 7,13; 7,12; 7,8; 8,12; 8,11; 8,9; 9,11; 9,10; 10,11; 11,12; 12,13
  196: 1,2; 1,3; 1,4; 1,5; 2,5; 2,6; 2,7; 2,8; 2,9; 2,10; 2,3; 3,10; 3,4; 4,10; 4,9; 4,11; 4,12; 4,6; 4,5; 5,6; 6,12; 6,7; 7,12; 7,13; 7,8; 8,13; 8,11; 8,9; 9,11; 9,10; 11,13; 11,12; 12,13
  197: 1,2; 1,3; 1,4; 1,5; 2,5; 2,6; 2,7; 2,8; 2,9; 2,10; 2,3; 3,10; 3,4; 4,10; 4,9; 4,11; 4,12; 4,6; 4,5; 5,6; 6,12; 6,13; 6,7; 7,13; 7,8; 8,13; 8,11; 8,9; 9,11; 9,10; 11,13; 11,12; 12,13
  198: 1,2; 1,3; 1,4; 1,5; 2,5; 2,6; 2,7; 2,8; 2,9; 2,10; 2,3; 3,10; 3,4; 4,10; 4,9; 4,11; 4,12; 4,6; 4,5; 5,6; 6,12; 6,13; 6,7; 7,13; 7,11; 7,8; 8,11; 8,9; 9,11; 9,10; 11,13; 11,12; 12,13
  199: 1,2; 1,3; 1,4; 1,5; 2,5; 2,6; 2,7; 2,8; 2,9; 2,10; 2,3; 3,10; 3,4; 4,10; 4,9; 4,8; 4,11; 4,6; 4,5; 5,6; 6,11; 6,12; 6,13; 6,7; 7,13; 7,8; 8,13; 8,12; 8,11; 8,9; 9,10; 11,12; 12,13
  200: 1,2; 1,3; 1,4; 1,5; 2,5; 2,6; 2,7; 2,8; 2,9; 2,10; 2,3; 3,10; 3,4; 4,10; 4,11; 4,12; 4,13; 4,6; 4,5; 5,6; 6,13; 6,7; 7,13; 7,12; 7,8; 8,12; 8,9; 9,12; 9,11; 9,10; 10,11; 11,12; 12,13
  201: 1,2; 1,3; 1,4; 1,5; 2,5; 2,6; 2,7; 2,8; 2,9; 2,10; 2,3; 3,10; 3,4; 4,10; 4,11; 4,8; 4,12; 4,6; 4,5; 5,6; 6,12; 6,13; 6,7; 7,13; 7,8; 8,13; 8,12; 8,11; 8,9; 9,11; 9,10; 10,11; 12,13
  202: 1,2; 1,3; 1,4; 1,5; 2,5; 2,6; 2,7; 2,3; 3,7; 3,8; 3,9; 3,10; 3,11; 3,4; 4,11; 4,12; 4,5; 5,12; 5,6; 6,12; 6,7; 7,12; 7,13; 7,8; 8,13; 8,9; 9,13; 9,12; 9,10; 10,12; 10,11; 11,12; 12,13
  203: 1,2; 1,3; 1,4; 1,5; 2,5; 2,6; 2,7; 2,8; 2,3; 3,8; 3,9; 3,10; 3,11; 3,12; 3,4; 4,12; 4,7; 4,6; 4,5; 5,6; 6,7; 7,12; 7,11; 7,10; 7,13; 7,8; 8,13; 8,9; 9,13; 9,10; 10,13; 10,11; 11,12
  204: 1,2; 1,3; 1,4; 1,5; 2,5; 2,6; 2,7; 2,3; 3,7; 3,8; 3,9; 3,10; 3,11; 3,4; 4,11; 4,12; 4,6; 4,5; 5,6; 6,12; 6,10; 6,9; 6,13; 6,7; 7,13; 7,8; 8,13; 8,9; 9,13; 9,10; 10,12; 10,11; 11,12
  205: 1,2; 1,3; 1,4; 1,5; 2,5; 2,6; 2,7; 2,8; 2,9; 2,10; 2,11; 2,3; 3,11; 3,4; 4,11; 4,12; 4,13; 4,8; 4,7; 4,6; 4,5; 5,6; 6,7; 7,8; 8,13; 8,9; 9,13; 9,12; 9,10; 10,12; 10,11; 11,12; 12,13
  206: 1,2; 1,3; 1,4; 1,5; 2,5; 2,6; 2,7; 2,8; 2,9; 2,10; 2,11; 2,3; 3,11; 3,4; 4,11; 4,12; 4,9; 4,8; 4,7; 4,6; 4,5; 5,6; 6,7; 7,8; 8,9; 9,12; 9,13; 9,10; 10,13; 10,11; 11,13; 11,12; 12,13
  207: 1,2; 1,3; 1,4; 1,5; 2,5; 2,6; 2,7; 2,8; 2,9; 2,10; 2,11; 2,3; 3,11; 3,4; 4,11; 4,12; 4,9; 4,8; 4,13; 4,6; 4,5; 5,6; 6,13; 6,7; 7,13; 7,8; 8,13; 8,9; 9,12; 9,10; 10,12; 10,11; 11,12
  208: 1,2; 1,3; 1,4; 1,5; 2,5; 2,6; 2,7; 2,8; 2,9; 2,10; 2,11; 2,3; 3,11; 3,4; 4,11; 4,12; 4,9; 4,13; 4,7; 4,6; 4,5; 5,6; 6,7; 7,13; 7,8; 8,13; 8,9; 9,13; 9,12; 9,10; 10,12; 10,11; 11,12
  209: 1,2; 1,3; 1,4; 1,5; 2,5; 2,6; 2,7; 2,8; 2,9; 2,10; 2,11; 2,12; 2,3; 3,12; 3,4; 4,12; 4,13; 4,10; 4,9; 4,8; 4,7; 4,6; 4,5; 5,6; 6,7; 7,8; 8,9; 9,10; 10,13; 10,11; 11,13; 11,12; 12,13
  210: 1,2; 1,3; 1,4; 1,5; 2,5; 2,6; 2,7; 2,8; 2,9; 2,10; 2,11; 2,12; 2,13; 2,3; 3,13; 3,4; 4,13; 4,12; 4,11; 4,10; 4,9; 4,8; 4,7; 4,6; 4,5; 5,6; 6,7; 7,8; 8,9; 9,10; 10,11; 11,12; 12,13
  211: 1,2; 1,3; 1,4; 1,5; 2,5; 2,6; 2,7; 2,8; 2,3; 3,8; 3,9; 3,4; 4,9; 4,5; 5,9; 5,10; 5,11; 5,6; 6,11; 6,7; 7,11; 7,12; 7,8; 8,12; 8,13; 8,9; 9,13; 9,10; 10,13; 10,12; 10,11; 11,12; 12,13
  212: 1,2; 1,3; 1,4; 1,5; 2,5; 2,6; 2,7; 2,3; 3,7; 3,8; 3,4; 4,8; 4,5; 5,8; 5,9; 5,10; 5,6; 6,10; 6,11; 6,7; 7,11; 7,12; 7,8; 8,12; 8,13; 8,9; 9,13; 9,10; 10,13; 10,11; 11,13; 11,12; 12,13
  213: 1,2; 1,3; 1,4; 1,5; 2,5; 2,6; 2,7; 2,3; 3,7; 3,8; 3,4; 4,8; 4,5; 5,8; 5,9; 5,10; 5,6; 6,10; 6,11; 6,12; 6,7; 7,12; 7,13; 7,8; 8,13; 8,9; 9,13; 9,12; 9,11; 9,10; 10,11; 11,12; 12,13
  214: 1,2; 1,3; 1,4; 1,5; 2,5; 2,6; 2,7; 2,3; 3,7; 3,8; 3,4; 4,8; 4,9; 4,5; 5,9; 5,10; 5,11; 5,6; 6,11; 6,12; 6,7; 7,12; 7,13; 7,8; 8,13; 8,10; 8,9; 9,10; 10,13; 10,12; 10,11; 11,12; 12,13
  215: 1,2; 1,3; 1,4; 1,5; 1,6; 2,6; 2,7; 2,8; 2,9; 2,3; 3,9; 3,10; 3,4; 4,10; 4,5; 5,10; 5,11; 5,12; 5,7; 5,6; 6,7; 7,12; 7,8; 8,12; 8,9; 9,12; 9,13; 9,10; 10,13; 10,11; 11,13; 11,12; 12,13
  216: 1,2; 1,3; 1,4; 1,5; 2,5; 2,6; 2,7; 2,8; 2,3; 3,8; 3,9; 3,4; 4,9; 4,5; 5,9; 5,10; 5,11; 5,6; 6,11; 6,12; 6,7; 7,12; 7,8; 8,12; 8,13; 8,9; 9,13; 9,10; 10,13; 10,12; 10,11; 11,12; 12,13
  217: 1,2; 1,3; 1,4; 1,5; 2,5; 2,6; 2,7; 2,8; 2,9; 2,3; 3,9; 3,10; 3,4; 4,10; 4,5; 5,10; 5,11; 5,12; 5,6; 6,12; 6,7; 7,12; 7,8; 8,12; 8,9; 9,12; 9,13; 9,10; 10,13; 10,11; 11,13; 11,12; 12,13
  218: 1,2; 1,3; 1,4; 1,5; 2,5; 2,6; 2,7; 2,3; 3,7; 3,8; 3,4; 4,8; 4,9; 4,5; 5,9; 5,6; 6,9; 6,10; 6,11; 6,12; 6,7; 7,12; 7,13; 7,8; 8,13; 8,11; 8,10; 8,9; 9,10; 10,11; 11,13; 11,12; 12,13
  219: 1,2; 1,3; 1,4; 1,5; 2,5; 2,6; 2,7; 2,8; 2,3; 3,8; 3,9; 3,4; 4,9; 4,10; 4,5; 5,10; 5,6; 6,10; 6,9; 6,11; 6,12; 6,7; 7,12; 7,8; 8,12; 8,13; 8,9; 9,13; 9,11; 9,10; 11,13; 11,12; 12,13
  220: 1,2; 1,3; 1,4; 1,5; 2,5; 2,6; 2,7; 2,8; 2,3; 3,8; 3,9; 3,10; 3,4; 4,10; 4,5; 5,10; 5,6; 6,10; 6,9; 6,11; 6,12; 6,7; 7,12; 7,8; 8,12; 8,13; 8,9; 9,13; 9,11; 9,10; 11,13; 11,12; 12,13
  221: 1,2; 1,3; 1,4; 1,5; 2,5; 2,6; 2,7; 2,8; 2,9; 2,3; 3,9; 3,10; 3,4; 4,10; 4,7; 4,6; 4,5; 5,6; 6,7; 7,10; 7,11; 7,12; 7,8; 8,12; 8,9; 9,12; 9,13; 9,10; 10,13; 10,11; 11,13; 11,12; 12,13
  222: 1,2; 1,3; 1,4; 1,5; 1,6; 2,6; 2,7; 2,8; 2,9; 2,3; 3,9; 3,10; 3,4; 4,10; 4,7; 4,5; 5,7; 5,6; 6,7; 7,10; 7,11; 7,12; 7,8; 8,12; 8,9; 9,12; 9,13; 9,10; 10,13; 10,11; 11,13; 11,12; 12,13
  223: 1,2; 1,3; 1,4; 1,5; 1,6; 2,6; 2,7; 2,8; 2,3; 3,8; 3,9; 3,10; 3,4; 4,10; 4,7; 4,5; 5,7; 5,6; 6,7; 7,10; 7,11; 7,12; 7,8; 8,12; 8,13; 8,9; 9,13; 9,10; 10,13; 10,11; 11,13; 11,12; 12,13
  224: 1,2; 1,3; 1,4; 1,5; 2,5; 2,6; 2,7; 2,3; 3,7; 3,8; 3,4; 4,8; 4,9; 4,6; 4,5; 5,6; 6,9; 6,10; 6,11; 6,7; 7,11; 7,12; 7,8; 8,12; 8,13; 8,9; 9,13; 9,10; 10,13; 10,11; 11,13; 11,12; 12,13
  225: 1,2; 1,3; 1,4; 1,5; 2,5; 2,6; 2,7; 2,3; 3,7; 3,8; 3,4; 4,8; 4,9; 4,10; 4,5; 5,10; 5,6; 6,10; 6,9; 6,11; 6,12; 6,7; 7,12; 7,13; 7,8; 8,13; 8,11; 8,9; 9,11; 9,10; 11,13; 11,12; 12,13
  226: 1,2; 1,3; 1,4; 1,5; 2,5; 2,6; 2,7; 2,3; 3,7; 3,8; 3,4; 4,8; 4,9; 4,10; 4,6; 4,5; 5,6; 6,10; 6,11; 6,12; 6,7; 7,12; 7,13; 7,8; 8,13; 8,11; 8,9; 9,11; 9,10; 10,11; 11,13; 11,12; 12,13
  227: 1,2; 1,3; 1,4; 1,5; 2,5; 2,6; 2,7; 2,8; 2,3; 3,8; 3,9; 3,4; 4,9; 4,10; 4,6; 4,5; 5,6; 6,10; 6,11; 6,12; 6,7; 7,12; 7,8; 8,12; 8,13; 8,9; 9,13; 9,11; 9,10; 10,11; 11,13; 11,12; 12,13
  228: 1,2; 1,3; 1,4; 1,5; 2,5; 2,6; 2,7; 2,3; 3,7; 3,8; 3,4; 4,8; 4,9; 4,6; 4,5; 5,6; 6,9; 6,10; 6,11; 6,7; 7,11; 7,12; 7,8; 8,12; 8,13; 8,10; 8,9; 9,10; 10,13; 10,11; 11,13; 11,12; 12,13
  229: 1,2; 1,3; 1,4; 1,5; 2,5; 2,6; 2,7; 2,8; 2,3; 3,8; 3,9; 3,4; 4,9; 4,6; 4,5; 5,6; 6,9; 6,10; 6,11; 6,7; 7,11; 7,8; 8,11; 8,12; 8,9; 9,12; 9,13; 9,10; 10,13; 10,11; 11,13; 11,12; 12,13
  230: 1,2; 1,3; 1,4; 1,5; 2,5; 2,6; 2,7; 2,3; 3,7; 3,8; 3,9; 3,4; 4,9; 4,6; 4,5; 5,6; 6,9; 6,10; 6,11; 6,7; 7,11; 7,12; 7,8; 8,12; 8,9; 9,12; 9,13; 9,10; 10,13; 10,11; 11,13; 11,12; 12,13
  231: 1,2; 1,3; 1,4; 1,5; 2,5; 2,6; 2,3; 3,6; 3,7; 3,8; 3,9; 3,10; 3,4; 4,10; 4,11; 4,5; 5,11; 5,12; 5,6; 6,12; 6,13; 6,7; 7,13; 7,8; 8,13; 8,12; 8,9; 9,12; 9,11; 9,10; 10,11; 11,12; 12,13
  232: 1,2; 1,3; 1,4; 1,5; 2,5; 2,6; 2,3; 3,6; 3,7; 3,8; 3,9; 3,10; 3,4; 4,10; 4,5; 5,10; 5,11; 5,6; 6,11; 6,12; 6,7; 7,12; 7,13; 7,8; 8,13; 8,9; 9,13; 9,11; 9,10; 10,11; 11,13; 11,12; 12,13
  233: 1,2; 1,3; 1,4; 1,5; 2,5; 2,6; 2,3; 3,6; 3,7; 3,8; 3,9; 3,10; 3,4; 4,10; 4,5; 5,10; 5,11; 5,6; 6,11; 6,12; 6,7; 7,12; 7,8; 8,12; 8,11; 8,13; 8,9; 9,13; 9,10; 10,13; 10,11; 11,13; 11,12
  234: 1,2; 1,3; 1,4; 1,5; 2,5; 2,6; 2,7; 2,3; 3,7; 3,8; 3,9; 3,10; 3,11; 3,4; 4,11; 4,5; 5,11; 5,12; 5,6; 6,12; 6,13; 6,8; 6,7; 7,8; 8,13; 8,9; 9,13; 9,12; 9,10; 10,12; 10,11; 11,12; 12,13
  235: 1,2; 1,3; 1,4; 1,5; 2,5; 2,6; 2,7; 2,8; 2,9; 2,3; 3,9; 3,4; 4,9; 4,10; 4,11; 4,12; 4,7; 4,6; 4,5; 5,6; 6,7; 7,12; 7,8; 8,12; 8,11; 8,13; 8,9; 9,13; 9,10; 10,13; 10,11; 11,13; 11,12
  236: 1,2; 1,3; 1,4; 1,5; 2,5; 2,6; 2,7; 2,8; 2,3; 3,8; 3,4; 4,8; 4,9; 4,10; 4,11; 4,12; 4,5; 5,12; 5,6; 6,12; 6,7; 7,12; 7,11; 7,10; 7,13; 7,8; 8,13; 8,9; 9,13; 9,10; 10,13; 10,11; 11,12
  237: 1,2; 1,3; 1,4; 1,5; 2,5; 2,6; 2,7; 2,8; 2,3; 3,8; 3,9; 3,4; 4,9; 4,10; 4,11; 4,7; 4,12; 4,5; 5,12; 5,6; 6,12; 6,7; 7,12; 7,11; 7,13; 7,8; 8,13; 8,10; 8,9; 9,10; 10,13; 10,11; 11,13
  238: 1,2; 1,3; 1,4; 1,5; 2,5; 2,6; 2,7; 2,8; 2,3; 3,8; 3,9; 3,4; 4,9; 4,10; 4,11; 4,7; 4,6; 4,5; 5,6; 6,7; 7,11; 7,12; 7,8; 8,12; 8,13; 8,10; 8,9; 9,10; 10,13; 10,11; 11,13; 11,12; 12,13
  239: 1,2; 1,3; 1,4; 1,5; 2,5; 2,6; 2,7; 2,8; 2,3; 3,8; 3,4; 4,8; 4,9; 4,10; 4,11; 4,6; 4,5; 5,6; 6,11; 6,7; 7,11; 7,10; 7,12; 7,8; 8,12; 8,13; 8,9; 9,13; 9,10; 10,13; 10,12; 10,11; 12,13
  240: 1,2; 1,3; 1,4; 1,5; 2,5; 2,6; 2,7; 2,3; 3,7; 3,8; 3,9; 3,4; 4,9; 4,5; 5,9; 5,10; 5,11; 5,12; 5,6; 6,12; 6,8; 6,7; 7,8; 8,12; 8,13; 8,9; 9,13; 9,10; 10,13; 10,11; 11,13; 11,12; 12,13
  241: 1,2; 1,3; 1,4; 1,5; 2,5; 2,6; 2,7; 2,8; 2,3; 3,8; 3,9; 3,4; 4,9; 4,5; 5,9; 5,10; 5,11; 5,12; 5,6; 6,12; 6,7; 7,12; 7,8; 8,12; 8,13; 8,9; 9,13; 9,10; 10,13; 10,11; 11,13; 11,12; 12,13
  242: 1,2; 1,3; 1,4; 1,5; 2,5; 2,6; 2,7; 2,3; 3,7; 3,8; 3,4; 4,8; 4,9; 4,5; 5,9; 5,10; 5,11; 5,12; 5,6; 6,12; 6,7; 7,12; 7,13; 7,8; 8,13; 8,10; 8,9; 9,10; 10,13; 10,11; 11,13; 11,12; 12,13
  243: 1,2; 1,3; 1,4; 1,5; 2,5; 2,6; 2,7; 2,3; 3,7; 3,8; 3,4; 4,8; 4,5; 5,8; 5,9; 5,10; 5,11; 5,12; 5,6; 6,12; 6,7; 7,12; 7,13; 7,8; 8,13; 8,9; 9,13; 9,10; 10,13; 10,11; 11,13; 11,12; 12,13
  244: 1,2; 1,3; 1,4; 1,5; 2,5; 2,6; 2,7; 2,3; 3,7; 3,8; 3,4; 4,8; 4,9; 4,6; 4,5; 5,6; 6,9; 6,10; 6,11; 6,12; 6,7; 7,12; 7,13; 7,8; 8,13; 8,10; 8,9; 9,10; 10,13; 10,11; 11,13; 11,12; 12,13
  245: 1,2; 1,3; 1,4; 1,5; 2,5; 2,6; 2,7; 2,8; 2,3; 3,8; 3,4; 4,8; 4,9; 4,10; 4,11; 4,5; 5,11; 5,12; 5,6; 6,12; 6,7; 7,12; 7,13; 7,8; 8,13; 8,9; 9,13; 9,10; 10,13; 10,12; 10,11; 11,12; 12,13
  246: 1,2; 1,3; 1,4; 1,5; 2,5; 2,6; 2,7; 2,8; 2,3; 3,8; 3,9; 3,10; 3,4; 4,10; 4,6; 4,5; 5,6; 6,10; 6,11; 6,12; 6,7; 7,12; 7,13; 7,9; 7,8; 8,9; 9,13; 9,10; 10,13; 10,11; 11,13; 11,12; 12,13
  247: 1,2; 1,3; 1,4; 1,5; 1,6; 2,6; 2,7; 2,8; 2,3; 3,8; 3,9; 3,10; 3,4; 4,10; 4,5; 5,10; 5,6; 6,10; 6,11; 6,12; 6,7; 7,12; 7,13; 7,9; 7,8; 8,9; 9,13; 9,10; 10,13; 10,11; 11,13; 11,12; 12,13
  248: 1,2; 1,3; 1,4; 1,5; 2,5; 2,6; 2,7; 2,3; 3,7; 3,8; 3,9; 3,4; 4,9; 4,5; 5,9; 5,10; 5,11; 5,6; 6,11; 6,12; 6,7; 7,12; 7,13; 7,8; 8,13; 8,9; 9,13; 9,10; 10,13; 10,12; 10,11; 11,12; 12,13
  249: 1,2; 1,3; 1,4; 1,5; 2,5; 2,6; 2,7; 2,3; 3,7; 3,8; 3,9; 3,4; 4,9; 4,10; 4,5; 5,10; 5,11; 5,12; 5,6; 6,12; 6,7; 7,12; 7,13; 7,8; 8,13; 8,9; 9,13; 9,11; 9,10; 10,11; 11,13; 11,12; 12,13
  250: 1,2; 1,3; 1,4; 1,5; 2,5; 2,6; 2,7; 2,8; 2,3; 3,8; 3,9; 3,10; 3,4; 4,10; 4,7; 4,6; 4,5; 5,6; 6,7; 7,10; 7,11; 7,12; 7,8; 8,12; 8,13; 8,9; 9,13; 9,10; 10,13; 10,11; 11,13; 11,12; 12,13
  251: 1,2; 1,3; 1,4; 1,5; 2,5; 2,6; 2,7; 2,3; 3,7; 3,8; 3,9; 3,4; 4,9; 4,10; 4,6; 4,5; 5,6; 6,10; 6,11; 6,12; 6,7; 7,12; 7,13; 7,8; 8,13; 8,9; 9,13; 9,11; 9,10; 10,11; 11,13; 11,12; 12,13
  252: 1,2; 1,3; 1,4; 1,5; 2,5; 2,6; 2,7; 2,3; 3,7; 3,8; 3,4; 4,8; 4,5; 5,8; 5,9; 5,10; 5,6; 6,10; 6,7; 7,10; 7,11; 7,12; 7,8; 8,12; 8,13; 8,9; 9,13; 9,11; 9,10; 10,11; 11,13; 11,12; 12,13
  253: 1,2; 1,3; 1,4; 1,5; 2,5; 2,6; 2,3; 3,6; 3,7; 3,8; 3,4; 4,8; 4,5; 5,8; 5,9; 5,10; 5,6; 6,10; 6,11; 6,12; 6,7; 7,12; 7,8; 8,12; 8,13; 8,9; 9,13; 9,11; 9,10; 10,11; 11,13; 11,12; 12,13
  254: 1,2; 1,3; 1,4; 1,5; 2,5; 2,6; 2,3; 3,6; 3,7; 3,4; 4,7; 4,8; 4,5; 5,8; 5,9; 5,10; 5,6; 6,10; 6,11; 6,12; 6,7; 7,12; 7,13; 7,9; 7,8; 8,9; 9,13; 9,11; 9,10; 10,11; 11,13; 11,12; 12,13
  255: 1,2; 1,3; 1,4; 1,5; 2,5; 2,6; 2,3; 3,6; 3,7; 3,4; 4,7; 4,8; 4,5; 5,8; 5,9; 5,10; 5,6; 6,10; 6,11; 6,7; 7,11; 7,12; 7,13; 7,8; 8,13; 8,9; 9,13; 9,10; 10,13; 10,12; 10,11; 11,12; 12,13
  256: 1,2; 1,3; 1,4; 1,5; 2,5; 2,6; 2,3; 3,6; 3,7; 3,4; 4,7; 4,8; 4,9; 4,5; 5,9; 5,10; 5,11; 5,6; 6,11; 6,12; 6,7; 7,12; 7,13; 7,10; 7,8; 8,10; 8,9; 9,10; 10,13; 10,11; 11,13; 11,12; 12,13
  257: 1,2; 1,3; 1,4; 1,5; 2,5; 2,6; 2,7; 2,3; 3,7; 3,8; 3,4; 4,8; 4,5; 5,8; 5,9; 5,10; 5,6; 6,10; 6,11; 6,7; 7,11; 7,12; 7,8; 8,12; 8,13; 8,9; 9,13; 9,11; 9,10; 10,11; 11,13; 11,12; 12,13
  258: 1,2; 1,3; 1,4; 1,5; 2,5; 2,6; 2,7; 2,3; 3,7; 3,8; 3,4; 4,8; 4,9; 4,5; 5,9; 5,10; 5,11; 5,6; 6,11; 6,7; 7,11; 7,12; 7,8; 8,12; 8,13; 8,10; 8,9; 9,10; 10,13; 10,11; 11,13; 11,12; 12,13
  259: 1,2; 1,3; 1,4; 1,5; 2,5; 2,6; 2,7; 2,3; 3,7; 3,8; 3,9; 3,4; 4,9; 4,5; 5,9; 5,10; 5,11; 5,6; 6,11; 6,7; 7,11; 7,12; 7,8; 8,12; 8,9; 9,12; 9,13; 9,10; 10,13; 10,11; 11,13; 11,12; 12,13
  260: 1,2; 1,3; 1,4; 1,5; 1,6; 1,7; 1,8; 1,9; 2,9; 2,10; 2,3; 3,10; 3,11; 3,12; 3,4; 4,12; 4,5; 5,12; 5,6; 6,12; 6,7; 7,12; 7,8; 8,12; 8,13; 8,10; 8,9; 9,10; 10,13; 10,11; 11,13; 11,12; 12,13
  261: 1,2; 1,3; 1,4; 1,5; 1,6; 1,7; 1,8; 2,8; 2,9; 2,3; 3,9; 3,10; 3,4; 4,10; 4,11; 4,12; 4,5; 5,12; 5,6; 6,12; 6,7; 7,12; 7,13; 7,10; 7,8; 8,10; 8,9; 9,10; 10,13; 10,11; 11,13; 11,12; 12,13
  262: 1,2; 1,3; 1,4; 1,5; 1,6; 1,7; 1,8; 2,8; 2,9; 2,3; 3,9; 3,10; 3,11; 3,4; 4,11; 4,5; 5,11; 5,6; 6,11; 6,12; 6,9; 6,7; 7,9; 7,8; 8,9; 9,12; 9,13; 9,10; 10,13; 10,11; 11,13; 11,12; 12,13
  263: 1,2; 1,3; 1,4; 1,5; 1,6; 2,6; 2,7; 2,8; 2,3; 3,8; 3,9; 3,4; 4,9; 4,5; 5,9; 5,10; 5,11; 5,12; 5,7; 5,6; 6,7; 7,12; 7,8; 8,12; 8,13; 8,10; 8,9; 9,10; 10,13; 10,11; 11,13; 11,12; 12,13
  264: 1,2; 1,3; 1,4; 1,5; 2,5; 2,6; 2,7; 2,3; 3,7; 3,8; 3,4; 4,8; 4,5; 5,8; 5,9; 5,10; 5,11; 5,6; 6,11; 6,12; 6,7; 7,12; 7,13; 7,9; 7,8; 8,9; 9,13; 9,10; 10,13; 10,12; 10,11; 11,12; 12,13
  265: 1,2; 1,3; 1,4; 1,5; 2,5; 2,6; 2,7; 2,8; 2,3; 3,8; 3,9; 3,4; 4,9; 4,5; 5,9; 5,10; 5,11; 5,12; 5,6; 6,12; 6,7; 7,12; 7,8; 8,12; 8,13; 8,10; 8,9; 9,10; 10,13; 10,11; 11,13; 11,12; 12,13
  266: 1,2; 1,3; 1,4; 1,5; 2,5; 2,6; 2,7; 2,8; 2,3; 3,8; 3,9; 3,4; 4,9; 4,6; 4,5; 5,6; 6,9; 6,10; 6,11; 6,12; 6,7; 7,12; 7,8; 8,12; 8,13; 8,10; 8,9; 9,10; 10,13; 10,11; 11,13; 11,12; 12,13
  267: 1,2; 1,3; 1,4; 1,5; 2,5; 2,6; 2,3; 3,6; 3,7; 3,8; 3,9; 3,10; 3,4; 4,10; 4,11; 4,12; 4,5; 5,12; 5,6; 6,12; 6,11; 6,7; 7,11; 7,13; 7,8; 8,13; 8,9; 9,13; 9,11; 9,10; 10,11; 11,13; 11,12
  268: 1,2; 1,3; 1,4; 1,5; 2,5; 2,6; 2,3; 3,6; 3,7; 3,8; 3,9; 3,10; 3,11; 3,4; 4,11; 4,5; 5,11; 5,12; 5,6; 6,12; 6,7; 7,12; 7,13; 7,8; 8,13; 8,9; 9,13; 9,12; 9,10; 10,12; 10,11; 11,12; 12,13
  269: 1,2; 1,3; 1,4; 1,5; 2,5; 2,6; 2,7; 2,3; 3,7; 3,8; 3,4; 4,8; 4,5; 5,8; 5,9; 5,10; 5,11; 5,12; 5,6; 6,12; 6,7; 7,12; 7,13; 7,9; 7,8; 8,9; 9,13; 9,10; 10,13; 10,11; 11,13; 11,12; 12,13
  270: 1,2; 1,3; 1,4; 1,5; 2,5; 2,6; 2,3; 3,6; 3,7; 3,8; 3,4; 4,8; 4,5; 5,8; 5,9; 5,10; 5,11; 5,6; 6,11; 6,12; 6,13; 6,7; 7,13; 7,8; 8,13; 8,9; 9,13; 9,12; 9,10; 10,12; 10,11; 11,12; 12,13
  271: 1,2; 1,3; 1,4; 1,5; 2,5; 2,6; 2,7; 2,3; 3,7; 3,8; 3,4; 4,8; 4,5; 5,8; 5,9; 5,10; 5,11; 5,6; 6,11; 6,7; 7,11; 7,12; 7,13; 7,8; 8,13; 8,9; 9,13; 9,12; 9,10; 10,12; 10,11; 11,12; 12,13
  272: 1,2; 1,3; 1,4; 1,5; 2,5; 2,6; 2,3; 3,6; 3,7; 3,4; 4,7; 4,8; 4,5; 5,8; 5,9; 5,10; 5,11; 5,6; 6,11; 6,12; 6,13; 6,7; 7,13; 7,9; 7,8; 8,9; 9,13; 9,12; 9,10; 10,12; 10,11; 11,12; 12,13
  273: 1,2; 1,3; 1,4; 1,5; 2,5; 2,6; 2,3; 3,6; 3,7; 3,8; 3,4; 4,8; 4,5; 5,8; 5,9; 5,10; 5,11; 5,6; 6,11; 6,12; 6,13; 6,7; 7,13; 7,9; 7,8; 8,9; 9,13; 9,12; 9,10; 10,12; 10,11; 11,12; 12,13
  274: 1,2; 1,3; 1,4; 1,5; 2,5; 2,6; 2,7; 2,3; 3,7; 3,8; 3,9; 3,4; 4,9; 4,5; 5,9; 5,10; 5,11; 5,12; 5,6; 6,12; 6,7; 7,12; 7,13; 7,10; 7,8; 8,10; 8,9; 9,10; 10,13; 10,11; 11,13; 11,12; 12,13
  275: 1,2; 1,3; 1,4; 1,5; 2,5; 2,6; 2,3; 3,6; 3,7; 3,8; 3,4; 4,8; 4,5; 5,8; 5,9; 5,10; 5,11; 5,6; 6,11; 6,12; 6,13; 6,7; 7,13; 7,8; 8,13; 8,9; 9,13; 9,10; 10,13; 10,12; 10,11; 11,12; 12,13
  276: 1,2; 1,3; 1,4; 1,5; 2,5; 2,6; 2,7; 2,8; 2,9; 2,10; 2,3; 3,10; 3,4; 4,10; 4,11; 4,5; 5,11; 5,6; 6,11; 6,12; 6,7; 7,12; 7,8; 8,12; 8,13; 8,9; 9,13; 9,10; 10,13; 10,12; 10,11; 11,12; 12,13
  277: 1,2; 1,3; 1,4; 1,5; 2,5; 2,6; 2,7; 2,8; 2,9; 2,10; 2,3; 3,10; 3,11; 3,4; 4,11; 4,12; 4,5; 5,12; 5,6; 6,12; 6,7; 7,12; 7,11; 7,13; 7,8; 8,13; 8,9; 9,13; 9,11; 9,10; 10,11; 11,13; 11,12
  278: 1,2; 1,3; 1,4; 1,5; 2,5; 2,6; 2,7; 2,8; 2,9; 2,10; 2,3; 3,10; 3,4; 4,10; 4,11; 4,5; 5,11; 5,6; 6,11; 6,7; 7,11; 7,12; 7,8; 8,12; 8,13; 8,9; 9,13; 9,10; 10,13; 10,12; 10,11; 11,12; 12,13
  279: 1,2; 1,3; 1,4; 1,5; 2,5; 2,6; 2,7; 2,8; 2,9; 2,10; 2,3; 3,10; 3,11; 3,4; 4,11; 4,6; 4,5; 5,6; 6,11; 6,12; 6,7; 7,12; 7,8; 8,12; 8,13; 8,9; 9,13; 9,11; 9,10; 10,11; 11,13; 11,12; 12,13
  280: 1,2; 1,3; 1,4; 1,5; 2,5; 2,6; 2,7; 2,8; 2,9; 2,10; 2,3; 3,10; 3,11; 3,4; 4,11; 4,6; 4,5; 5,6; 6,11; 6,7; 7,11; 7,12; 7,13; 7,8; 8,13; 8,9; 9,13; 9,12; 9,11; 9,10; 10,11; 11,12; 12,13
  281: 1,2; 1,3; 1,4; 1,5; 2,5; 2,6; 2,7; 2,8; 2,9; 2,10; 2,3; 3,10; 3,11; 3,4; 4,11; 4,6; 4,5; 5,6; 6,11; 6,7; 7,11; 7,12; 7,8; 8,12; 8,13; 8,9; 9,13; 9,11; 9,10; 10,11; 11,13; 11,12; 12,13
  282: 1,2; 1,3; 1,4; 1,5; 2,5; 2,6; 2,3; 3,6; 3,7; 3,8; 3,9; 3,4; 4,9; 4,10; 4,11; 4,12; 4,5; 5,12; 5,6; 6,12; 6,11; 6,7; 7,11; 7,10; 7,13; 7,8; 8,13; 8,9; 9,13; 9,10; 10,13; 10,11; 11,12
  283: 1,2; 1,3; 1,4; 1,5; 1,6; 2,6; 2,7; 2,3; 3,7; 3,8; 3,9; 3,10; 3,4; 4,10; 4,5; 5,10; 5,11; 5,12; 5,7; 5,6; 6,7; 7,12; 7,8; 8,12; 8,11; 8,13; 8,9; 9,13; 9,10; 10,13; 10,11; 11,13; 11,12
  284: 1,2; 1,3; 1,4; 1,5; 1,6; 2,6; 2,7; 2,8; 2,9; 2,10; 2,3; 3,10; 3,4; 4,10; 4,5; 5,10; 5,9; 5,11; 5,7; 5,6; 6,7; 7,11; 7,12; 7,8; 8,12; 8,13; 8,9; 9,13; 9,11; 9,10; 11,13; 11,12; 12,13
  285: 1,2; 1,3; 1,4; 1,5; 1,6; 2,6; 2,7; 2,8; 2,9; 2,10; 2,3; 3,10; 3,4; 4,10; 4,5; 5,10; 5,9; 5,11; 5,7; 5,6; 6,7; 7,11; 7,12; 7,13; 7,8; 8,13; 8,9; 9,13; 9,12; 9,11; 9,10; 11,12; 12,13
  286: 1,2; 1,3; 1,4; 1,5; 1,6; 1,7; 2,7; 2,8; 2,9; 2,10; 2,11; 2,3; 3,11; 3,4; 4,11; 4,5; 5,11; 5,6; 6,11; 6,10; 6,12; 6,8; 6,7; 7,8; 8,12; 8,13; 8,9; 9,13; 9,10; 10,13; 10,12; 10,11; 12,13
  287: 1,2; 1,3; 1,4; 1,5; 1,6; 2,6; 2,7; 2,3; 3,7; 3,8; 3,4; 4,8; 4,5; 5,8; 5,9; 5,6; 6,9; 6,10; 6,11; 6,7; 7,11; 7,8; 8,11; 8,12; 8,9; 9,12; 9,13; 9,10; 10,13; 10,11; 11,13; 11,12; 12,13
  288: 1,2; 1,3; 1,4; 1,5; 1,6; 2,6; 2,7; 2,3; 3,7; 3,4; 4,7; 4,8; 4,9; 4,10; 4,5; 5,10; 5,11; 5,6; 6,11; 6,12; 6,8; 6,7; 7,8; 8,12; 8,13; 8,9; 9,13; 9,10; 10,13; 10,12; 10,11; 11,12; 12,13
  289: 1,2; 1,3; 1,4; 1,5; 2,5; 2,6; 2,7; 2,3; 3,7; 3,4; 4,7; 4,8; 4,9; 4,10; 4,5; 5,10; 5,11; 5,12; 5,6; 6,12; 6,13; 6,7; 7,13; 7,8; 8,13; 8,11; 8,9; 9,11; 9,10; 10,11; 11,13; 11,12; 12,13
  290: 1,2; 1,3; 1,4; 1,5; 1,6; 2,6; 2,7; 2,8; 2,3; 3,8; 3,4; 4,8; 4,9; 4,10; 4,11; 4,5; 5,11; 5,6; 6,11; 6,12; 6,13; 6,7; 7,13; 7,8; 8,13; 8,9; 9,13; 9,12; 9,10; 10,12; 10,11; 11,12; 12,13
  291: 1,2; 1,3; 1,4; 1,5; 2,5; 2,6; 2,7; 2,8; 2,9; 2,3; 3,9; 3,10; 3,4; 4,10; 4,11; 4,5; 5,11; 5,12; 5,13; 5,6; 6,13; 6,7; 7,13; 7,12; 7,8; 8,12; 8,10; 8,9; 9,10; 10,12; 10,11; 11,12; 12,13
  292: 1,2; 1,3; 1,4; 1,5; 1,6; 2,6; 2,7; 2,8; 2,9; 2,10; 2,3; 3,10; 3,4; 4,10; 4,5; 5,10; 5,11; 5,12; 5,7; 5,6; 6,7; 7,12; 7,13; 7,8; 8,13; 8,9; 9,13; 9,11; 9,10; 10,11; 11,13; 11,12; 12,13
  293: 1,2; 1,3; 1,4; 1,5; 2,5; 2,6; 2,7; 2,8; 2,9; 2,3; 3,9; 3,10; 3,4; 4,10; 4,5; 5,10; 5,11; 5,12; 5,6; 6,12; 6,13; 6,7; 7,13; 7,8; 8,13; 8,11; 8,10; 8,9; 9,10; 10,11; 11,13; 11,12; 12,13
  294: 1,2; 1,3; 1,4; 1,5; 2,5; 2,6; 2,7; 2,8; 2,9; 2,3; 3,9; 3,10; 3,4; 4,10; 4,5; 5,10; 5,11; 5,12; 5,6; 6,12; 6,7; 7,12; 7,11; 7,13; 7,8; 8,13; 8,10; 8,9; 9,10; 10,13; 10,11; 11,13; 11,12
  295: 1,2; 1,3; 1,4; 1,5; 2,5; 2,6; 2,7; 2,8; 2,9; 2,3; 3,9; 3,4; 4,9; 4,10; 4,5; 5,10; 5,11; 5,12; 5,6; 6,12; 6,7; 7,12; 7,11; 7,13; 7,8; 8,13; 8,9; 9,13; 9,11; 9,10; 10,11; 11,13; 11,12
  296: 1,2; 1,3; 1,4; 1,5; 1,6; 2,6; 2,7; 2,8; 2,9; 2,10; 2,3; 3,10; 3,4; 4,10; 4,11; 4,12; 4,13; 4,5; 5,13; 5,6; 6,13; 6,7; 7,13; 7,8; 8,13; 8,12; 8,11; 8,9; 9,11; 9,10; 10,11; 11,12; 12,13
  297: 1,2; 1,3; 1,4; 1,5; 2,5; 2,6; 2,7; 2,8; 2,9; 2,3; 3,9; 3,4; 4,9; 4,10; 4,5; 5,10; 5,11; 5,12; 5,6; 6,12; 6,7; 7,12; 7,13; 7,8; 8,13; 8,9; 9,13; 9,11; 9,10; 10,11; 11,13; 11,12; 12,13
  298: 1,2; 1,3; 1,4; 1,5; 1,6; 2,6; 2,7; 2,8; 2,9; 2,10; 2,3; 3,10; 3,4; 4,10; 4,11; 4,5; 5,11; 5,12; 5,6; 6,12; 6,7; 7,12; 7,13; 7,8; 8,13; 8,9; 9,13; 9,12; 9,10; 10,12; 10,11; 11,12; 12,13
  299: 1,2; 1,3; 1,4; 1,5; 1,6; 2,6; 2,7; 2,8; 2,9; 2,10; 2,3; 3,10; 3,4; 4,10; 4,11; 4,5; 5,11; 5,12; 5,6; 6,12; 6,7; 7,12; 7,11; 7,13; 7,8; 8,13; 8,9; 9,13; 9,11; 9,10; 10,11; 11,13; 11,12
  300: 1,2; 1,3; 1,4; 1,5; 1,6; 2,6; 2,7; 2,8; 2,9; 2,10; 2,3; 3,10; 3,4; 4,10; 4,11; 4,5; 5,11; 5,6; 6,11; 6,12; 6,7; 7,12; 7,8; 8,12; 8,13; 8,9; 9,13; 9,11; 9,10; 10,11; 11,13; 11,12; 12,13
  301: 1,2; 1,3; 1,4; 1,5; 1,6; 2,6; 2,7; 2,8; 2,9; 2,10; 2,3; 3,10; 3,4; 4,10; 4,11; 4,5; 5,11; 5,6; 6,11; 6,7; 7,11; 7,12; 7,8; 8,12; 8,13; 8,9; 9,13; 9,10; 10,13; 10,11; 11,13; 11,12; 12,13
  302: 1,2; 1,3; 1,4; 1,5; 1,6; 1,7; 2,7; 2,8; 2,9; 2,10; 2,11; 2,3; 3,11; 3,4; 4,11; 4,12; 4,5; 5,12; 5,6; 6,12; 6,8; 6,7; 7,8; 8,12; 8,13; 8,9; 9,13; 9,10; 10,13; 10,12; 10,11; 11,12; 12,13
  303: 1,2; 1,3; 1,4; 1,5; 1,6; 1,7; 1,8; 2,8; 2,9; 2,10; 2,11; 2,12; 2,3; 3,12; 3,4; 4,12; 4,5; 5,12; 5,11; 5,13; 5,9; 5,6; 6,9; 6,7; 7,9; 7,8; 8,9; 9,13; 9,10; 10,13; 10,11; 11,13; 11,12
  304: 1,2; 1,3; 1,4; 1,5; 1,6; 1,7; 2,7; 2,8; 2,3; 3,8; 3,4; 4,8; 4,9; 4,10; 4,11; 4,5; 5,11; 5,12; 5,6; 6,12; 6,7; 7,12; 7,10; 7,13; 7,8; 8,13; 8,9; 9,13; 9,10; 10,13; 10,12; 10,11; 11,12
  305: 1,2; 1,3; 1,4; 1,5; 1,6; 1,7; 1,8; 2,8; 2,9; 2,3; 3,9; 3,4; 4,9; 4,10; 4,11; 4,12; 4,5; 5,12; 5,6; 6,12; 6,7; 7,12; 7,8; 8,12; 8,11; 8,13; 8,9; 9,13; 9,10; 10,13; 10,11; 11,13; 11,12
  306: 1,2; 1,3; 1,4; 1,5; 1,6; 2,6; 2,7; 2,3; 3,7; 3,8; 3,9; 3,10; 3,11; 3,4; 4,11; 4,5; 5,11; 5,12; 5,13; 5,8; 5,7; 5,6; 6,7; 7,8; 8,13; 8,9; 9,13; 9,12; 9,10; 10,12; 10,11; 11,12; 12,13
  307: 1,2; 1,3; 1,4; 1,5; 1,6; 2,6; 2,7; 2,8; 2,9; 2,10; 2,11; 2,12; 2,3; 3,12; 3,4; 4,12; 4,5; 5,12; 5,11; 5,10; 5,9; 5,13; 5,7; 5,6; 6,7; 7,13; 7,8; 8,13; 8,9; 9,13; 9,10; 10,11; 11,12
  308: 1,2; 1,3; 1,4; 1,5; 1,6; 2,6; 2,7; 2,8; 2,9; 2,10; 2,11; 2,3; 3,11; 3,4; 4,11; 4,5; 5,11; 5,12; 5,9; 5,13; 5,7; 5,6; 6,7; 7,13; 7,8; 8,13; 8,9; 9,13; 9,12; 9,10; 10,12; 10,11; 11,12
  309: 1,2; 1,3; 1,4; 1,5; 1,6; 1,7; 2,7; 2,8; 2,9; 2,10; 2,11; 2,12; 2,3; 3,12; 3,4; 4,12; 4,5; 5,12; 5,6; 6,12; 6,11; 6,10; 6,13; 6,8; 6,7; 7,8; 8,13; 8,9; 9,13; 9,10; 10,13; 10,11; 11,12
  310: 1,2; 1,3; 1,4; 1,5; 2,5; 2,6; 2,7; 2,3; 3,7; 3,4; 4,7; 4,8; 4,9; 4,10; 4,11; 4,12; 4,5; 5,12; 5,6; 6,12; 6,11; 6,13; 6,9; 6,8; 6,7; 7,8; 8,9; 9,13; 9,10; 10,13; 10,11; 11,13; 11,12
  311: 1,2; 1,3; 1,4; 1,5; 1,6; 2,6; 2,7; 2,3; 3,7; 3,4; 4,7; 4,8; 4,9; 4,10; 4,11; 4,5; 5,11; 5,6; 6,11; 6,12; 6,7; 7,12; 7,8; 8,12; 8,13; 8,9; 9,13; 9,10; 10,13; 10,12; 10,11; 11,12; 12,13
  312: 1,2; 1,3; 1,4; 1,5; 2,5; 2,6; 2,7; 2,8; 2,3; 3,8; 3,4; 4,8; 4,9; 4,5; 5,9; 5,10; 5,11; 5,12; 5,6; 6,12; 6,7; 7,12; 7,13; 7,10; 7,8; 8,10; 8,9; 9,10; 10,13; 10,11; 11,13; 11,12; 12,13
  313: 1,2; 1,3; 1,4; 1,5; 2,5; 2,6; 2,7; 2,8; 2,9; 2,10; 2,3; 3,10; 3,11; 3,4; 4,11; 4,5; 5,11; 5,6; 6,11; 6,7; 7,11; 7,12; 7,8; 8,12; 8,13; 8,9; 9,13; 9,10; 10,13; 10,12; 10,11; 11,12; 12,13
  